date,state,driving,transit,walking
2020-01-13,Johor,0.0,,
2020-01-14,Johor,-1.3100000000000025,,
2020-01-15,Johor,3.760000000000005,,
2020-01-16,Johor,8.829999999999998,,
2020-01-17,Johor,33.24000000000001,,
2020-01-18,Johor,44.08000000000001,,
2020-01-19,Johor,14.760000000000003,,
2020-01-20,Johor,2.730000000000004,,
2020-01-21,Johor,9.269999999999996,,
2020-01-22,Johor,23.700000000000003,,
2020-01-23,Johor,39.22999999999999,,
2020-01-24,Johor,40.44,,
2020-01-25,Johor,23.349999999999994,,
2020-01-26,Johor,27.0,,
2020-01-27,Johor,34.28,,
2020-01-28,Johor,8.409999999999997,,
2020-01-29,Johor,-0.6800000000000068,,
2020-01-30,Johor,0.8199999999999932,,
2020-01-31,Johor,22.959999999999997,,
2020-02-01,Johor,25.959999999999997,,
2020-02-02,Johor,8.799999999999997,,
2020-02-03,Johor,-0.75,,
2020-02-04,Johor,-2.469999999999999,,
2020-02-05,Johor,-1.7199999999999989,,
2020-02-06,Johor,2.0400000000000063,,
2020-02-07,Johor,31.41,,
2020-02-08,Johor,33.370000000000005,,
2020-02-09,Johor,4.769999999999996,,
2020-02-10,Johor,-0.730000000000004,,
2020-02-11,Johor,-6.079999999999998,,
2020-02-12,Johor,-0.3799999999999954,,
2020-02-13,Johor,8.409999999999997,,
2020-02-14,Johor,36.91,,
2020-02-15,Johor,33.09,,
2020-02-16,Johor,4.530000000000001,,
2020-02-17,Johor,-5.799999999999997,,
2020-02-18,Johor,-5.989999999999995,,
2020-02-19,Johor,0.3400000000000034,,
2020-02-20,Johor,1.9699999999999989,,
2020-02-21,Johor,32.370000000000005,,
2020-02-22,Johor,39.97999999999999,,
2020-02-23,Johor,8.280000000000001,,
2020-02-24,Johor,1.6299999999999957,,
2020-02-25,Johor,1.3100000000000025,,
2020-02-26,Johor,-1.4699999999999989,,
2020-02-27,Johor,8.620000000000005,,
2020-02-28,Johor,41.25999999999999,,
2020-02-29,Johor,45.610000000000014,,
2020-03-01,Johor,20.89,,
2020-03-02,Johor,-0.1899999999999977,,
2020-03-03,Johor,3.620000000000005,,
2020-03-04,Johor,-1.8100000000000025,,
2020-03-05,Johor,8.459999999999994,,
2020-03-06,Johor,42.56,,
2020-03-07,Johor,50.13,,
2020-03-08,Johor,16.11,,
2020-03-09,Johor,-1.4899999999999949,,
2020-03-10,Johor,-2.200000000000003,,
2020-03-11,Johor,-3.0900000000000034,,
2020-03-12,Johor,6.019999999999996,,
2020-03-13,Johor,32.370000000000005,,
2020-03-14,Johor,36.22,,
2020-03-15,Johor,8.959999999999994,,
2020-03-16,Johor,-8.959999999999994,,
2020-03-17,Johor,8.159999999999997,,
2020-03-18,Johor,-48.63,,
2020-03-19,Johor,-57.97,,
2020-03-20,Johor,-62.99,,
2020-03-21,Johor,-70.1,,
2020-03-22,Johor,-72.32,,
2020-03-23,Johor,-71.39,,
2020-03-24,Johor,-70.43,,
2020-03-25,Johor,-68.02,,
2020-03-26,Johor,-66.52000000000001,,
2020-03-27,Johor,-67.74000000000001,,
2020-03-28,Johor,-65.50999999999999,,
2020-03-29,Johor,-67.02000000000001,,
2020-03-30,Johor,-64.16,,
2020-03-31,Johor,-64.24000000000001,,
2020-04-01,Johor,-59.88,,
2020-04-02,Johor,-62.65,,
2020-04-03,Johor,-65.08,,
2020-04-04,Johor,-65.17,,
2020-04-05,Johor,-61.95,,
2020-04-06,Johor,-61.96,,
2020-04-07,Johor,-61.19,,
2020-04-08,Johor,-61.45,,
2020-04-09,Johor,-61.43,,
2020-04-10,Johor,-57.96,,
2020-04-11,Johor,-61.04,,
2020-04-12,Johor,-58.0,,
2020-04-13,Johor,-58.23,,
2020-04-14,Johor,-55.82,,
2020-04-15,Johor,-56.17,,
2020-04-16,Johor,-58.25,,
2020-04-17,Johor,-59.96,,
2020-04-18,Johor,-61.89,,
2020-04-19,Johor,-62.21,,
2020-04-20,Johor,-58.96,,
2020-04-21,Johor,-59.56,,
2020-04-22,Johor,-55.72,,
2020-04-23,Johor,-66.05,,
2020-04-24,Johor,-61.38,,
2020-04-25,Johor,-60.19,,
2020-04-26,Johor,-56.78,,
2020-04-27,Johor,-56.43,,
2020-04-28,Johor,-55.18,,
2020-04-29,Johor,-55.7,,
2020-04-30,Johor,-56.44,,
2020-05-01,Johor,-53.97,,
2020-05-02,Johor,-55.75,,
2020-05-03,Johor,-50.52,,
2020-05-04,Johor,-47.24,,
2020-05-05,Johor,-41.61,,
2020-05-06,Johor,-39.66,,
2020-05-07,Johor,-36.87,,
2020-05-08,Johor,-36.71,,
2020-05-09,Johor,-32.260000000000005,,
2020-05-10,Johor,-34.989999999999995,,
2020-05-13,Johor,-30.66,,
2020-05-14,Johor,-26.64,,
2020-05-15,Johor,-24.94,,
2020-05-16,Johor,-22.22,,
2020-05-17,Johor,-24.03,,
2020-05-18,Johor,-24.16,,
2020-05-19,Johor,-21.52,,
2020-05-20,Johor,-14.329999999999998,,
2020-05-21,Johor,-16.33,,
2020-05-22,Johor,-14.64,,
2020-05-23,Johor,-27.739999999999995,,
2020-05-24,Johor,-41.8,,
2020-05-25,Johor,-33.39,,
2020-05-26,Johor,-25.379999999999995,,
2020-05-27,Johor,-24.989999999999995,,
2020-05-28,Johor,-30.42,,
2020-05-29,Johor,-20.510000000000005,,
2020-05-30,Johor,-17.569999999999993,,
2020-05-31,Johor,-22.069999999999997,,
2020-06-01,Johor,-19.97,,
2020-06-02,Johor,-22.200000000000003,,
2020-06-03,Johor,-19.67,,
2020-06-04,Johor,-17.159999999999997,,
2020-06-05,Johor,-10.549999999999995,,
2020-06-06,Johor,-7.400000000000006,,
2020-06-07,Johor,-10.540000000000006,,
2020-06-08,Johor,-7.180000000000007,,
2020-06-09,Johor,-6.909999999999997,,
2020-06-10,Johor,-4.060000000000002,,
2020-06-11,Johor,-6.030000000000001,,
2020-06-12,Johor,2.519999999999996,,
2020-06-13,Johor,4.849999999999994,,
2020-06-14,Johor,3.0999999999999943,,
2020-06-15,Johor,-6.560000000000002,,
2020-06-16,Johor,-6.670000000000002,,
2020-06-17,Johor,-3.569999999999993,,
2020-06-18,Johor,-3.219999999999999,,
2020-06-19,Johor,1.019999999999996,,
2020-06-20,Johor,3.4399999999999977,,
2020-06-21,Johor,-0.9599999999999936,,
2020-06-22,Johor,-4.790000000000006,,
2020-06-23,Johor,-6.640000000000001,,
2020-06-24,Johor,-5.819999999999993,,
2020-06-25,Johor,-1.6200000000000043,,
2020-06-26,Johor,4.019999999999996,,
2020-06-27,Johor,10.150000000000006,,
2020-06-28,Johor,3.6899999999999977,,
2020-06-29,Johor,-1.7600000000000051,,
2020-06-30,Johor,0.1599999999999966,,
2020-07-01,Johor,-0.4200000000000017,,
2020-07-02,Johor,3.0,,
2020-07-03,Johor,13.939999999999998,,
2020-07-04,Johor,20.8,,
2020-07-05,Johor,9.989999999999997,,
2020-07-06,Johor,-2.219999999999999,,
2020-07-07,Johor,-0.4099999999999966,,
2020-07-08,Johor,-0.1500000000000056,,
2020-07-09,Johor,4.180000000000007,,
2020-07-10,Johor,55.370000000000005,,
2020-07-11,Johor,27.03,,
2020-07-12,Johor,12.049999999999995,,
2020-07-13,Johor,1.3900000000000006,,
2020-07-14,Johor,5.459999999999994,,
2020-07-15,Johor,10.819999999999991,,
2020-07-16,Johor,8.0,,
2020-07-17,Johor,17.459999999999994,,
2020-07-18,Johor,22.86,,
2020-07-19,Johor,8.549999999999997,,
2020-07-20,Johor,0.6099999999999994,,
2020-07-21,Johor,-6.510000000000005,,
2020-07-22,Johor,-0.8199999999999932,,
2020-07-23,Johor,2.950000000000003,,
2020-07-24,Johor,16.810000000000002,,
2020-07-25,Johor,17.379999999999995,,
2020-07-26,Johor,0.6299999999999955,,
2020-07-27,Johor,-5.650000000000006,,
2020-07-28,Johor,-1.6599999999999966,,
2020-07-29,Johor,9.540000000000006,,
2020-07-30,Johor,7.469999999999999,,
2020-07-31,Johor,-2.549999999999997,,
2020-08-01,Johor,2.890000000000001,,
2020-08-02,Johor,10.209999999999994,,
2020-08-03,Johor,2.3799999999999955,,
2020-08-04,Johor,1.3100000000000025,,
2020-08-05,Johor,3.2099999999999937,,
2020-08-06,Johor,10.260000000000003,,
2020-08-07,Johor,26.15000000000001,,
2020-08-08,Johor,26.27,,
2020-08-09,Johor,12.730000000000004,,
2020-08-10,Johor,0.4599999999999937,,
2020-08-11,Johor,1.230000000000004,,
2020-08-12,Johor,1.769999999999996,,
2020-08-13,Johor,2.019999999999996,,
2020-08-14,Johor,19.03,,
2020-08-15,Johor,21.36,,
2020-08-16,Johor,6.170000000000002,,
2020-08-17,Johor,-2.2099999999999937,,
2020-08-18,Johor,2.6099999999999994,,
2020-08-19,Johor,13.439999999999998,,
2020-08-20,Johor,13.159999999999997,,
2020-08-21,Johor,18.739999999999995,,
2020-08-22,Johor,20.680000000000007,,
2020-08-23,Johor,8.5,,
2020-08-24,Johor,-0.0100000000000051,,
2020-08-25,Johor,0.9099999999999966,,
2020-08-26,Johor,-0.5699999999999932,,
2020-08-27,Johor,5.260000000000005,,
2020-08-28,Johor,25.0,,
2020-08-29,Johor,26.56,,
2020-08-30,Johor,31.120000000000005,,
2020-08-31,Johor,8.069999999999993,,
2020-09-01,Johor,-0.9099999999999966,,
2020-09-02,Johor,-0.1700000000000017,,
2020-09-03,Johor,3.0799999999999983,,
2020-09-04,Johor,16.680000000000007,,
2020-09-05,Johor,19.370000000000005,,
2020-09-06,Johor,3.25,,
2020-09-07,Johor,-3.319999999999993,,
2020-09-08,Johor,-5.269999999999996,,
2020-09-09,Johor,-7.459999999999994,,
2020-09-10,Johor,2.0799999999999983,,
2020-09-11,Johor,14.450000000000005,,
2020-09-12,Johor,10.049999999999995,,
2020-09-13,Johor,-2.530000000000001,,
2020-09-14,Johor,-9.079999999999998,,
2020-09-15,Johor,11.650000000000006,,
2020-09-16,Johor,2.4099999999999966,,
2020-09-17,Johor,0.2099999999999937,,
2020-09-18,Johor,10.97,,
2020-09-19,Johor,6.969999999999999,,
2020-09-20,Johor,-4.969999999999999,,
2020-09-21,Johor,-9.799999999999995,,
2020-09-22,Johor,-10.650000000000006,,
2020-09-23,Johor,3.61,,
2020-09-24,Johor,-5.010000000000005,,
2020-09-25,Johor,0.8199999999999932,,
2020-09-26,Johor,3.069999999999993,,
2020-09-27,Johor,-9.120000000000005,,
2020-09-28,Johor,-15.709999999999994,,
2020-09-29,Johor,-15.510000000000003,,
2020-09-30,Johor,-9.620000000000005,,
2020-10-01,Johor,-7.400000000000006,,
2020-10-02,Johor,3.4099999999999966,,
2020-10-03,Johor,1.8599999999999997,,
2020-10-04,Johor,-11.579999999999998,,
2020-10-05,Johor,-18.040000000000006,,
2020-10-06,Johor,-20.489999999999995,,
2020-10-07,Johor,-17.819999999999993,,
2020-10-08,Johor,-11.879999999999995,,
2020-10-09,Johor,3.9599999999999937,,
2020-10-10,Johor,1.25,,
2020-10-11,Johor,-11.03,,
2020-10-12,Johor,-18.849999999999994,,
2020-10-13,Johor,-19.27,,
2020-10-14,Johor,-19.25,,
2020-10-15,Johor,-19.290000000000006,,
2020-10-16,Johor,-8.290000000000006,,
2020-10-17,Johor,-6.969999999999999,,
2020-10-18,Johor,-18.27,,
2020-10-19,Johor,-27.760000000000005,,
2020-10-20,Johor,-24.55,,
2020-10-21,Johor,-26.22,,
2020-10-22,Johor,-19.89,,
2020-10-23,Johor,-7.049999999999997,,
2020-10-24,Johor,-10.450000000000005,,
2020-10-25,Johor,-20.230000000000004,,
2020-10-26,Johor,-25.72,,
2020-10-27,Johor,-25.370000000000005,,
2020-10-28,Johor,-14.340000000000003,,
2020-10-29,Johor,-14.819999999999991,,
2020-10-30,Johor,-9.61,,
2020-10-31,Johor,-16.060000000000002,,
2020-11-01,Johor,-19.0,,
2020-11-02,Johor,-27.90000000000001,,
2020-11-03,Johor,-24.40000000000001,,
2020-11-04,Johor,-27.11,,
2020-11-05,Johor,-22.0,,
2020-11-06,Johor,-14.379999999999995,,
2020-11-07,Johor,-4.379999999999996,,
2020-11-08,Johor,-19.91,,
2020-11-09,Johor,-44.2,,
2020-11-10,Johor,-38.8,,
2020-11-11,Johor,-40.42,,
2020-11-12,Johor,-39.28,,
2020-11-13,Johor,-31.879999999999995,,
2020-11-14,Johor,-30.700000000000003,,
2020-11-15,Johor,-33.760000000000005,,
2020-11-16,Johor,-37.9,,
2020-11-17,Johor,-34.730000000000004,,
2020-11-18,Johor,-34.040000000000006,,
2020-11-19,Johor,-36.89,,
2020-11-20,Johor,-27.349999999999994,,
2020-11-21,Johor,-21.790000000000006,,
2020-11-22,Johor,-28.61,,
2020-11-23,Johor,-29.05,,
2020-11-24,Johor,-31.83,,
2020-11-25,Johor,-30.430000000000007,,
2020-11-26,Johor,-27.83,,
2020-11-27,Johor,-17.849999999999994,,
2020-11-28,Johor,-15.64,,
2020-11-29,Johor,-19.89,,
2020-11-30,Johor,-28.760000000000005,,
2020-12-01,Johor,-27.629999999999995,,
2020-12-02,Johor,-28.27,,
2020-12-03,Johor,-26.010000000000005,,
2020-12-04,Johor,-16.159999999999997,,
2020-12-05,Johor,-12.810000000000002,,
2020-12-06,Johor,-17.42,,
2020-12-07,Johor,-23.40000000000001,,
2020-12-08,Johor,-24.959999999999997,,
2020-12-09,Johor,-22.97,,
2020-12-10,Johor,-21.52,,
2020-12-11,Johor,-10.329999999999998,,
2020-12-12,Johor,-12.200000000000005,,
2020-12-13,Johor,-16.349999999999994,,
2020-12-14,Johor,-24.06,,
2020-12-15,Johor,-23.340000000000003,,
2020-12-16,Johor,-20.06,,
2020-12-17,Johor,-19.980000000000004,,
2020-12-18,Johor,-13.5,,
2020-12-19,Johor,-8.959999999999994,,
2020-12-20,Johor,-12.620000000000005,,
2020-12-21,Johor,-20.56,,
2020-12-22,Johor,-19.5,,
2020-12-23,Johor,-16.439999999999998,,
2020-12-24,Johor,-5.349999999999994,,
2020-12-25,Johor,-2.4599999999999937,,
2020-12-26,Johor,-12.28,,
2020-12-27,Johor,-16.099999999999994,,
2020-12-28,Johor,-21.5,,
2020-12-29,Johor,-21.180000000000007,,
2020-12-30,Johor,-15.319999999999991,,
2020-12-31,Johor,-8.680000000000007,,
2021-01-01,Johor,-13.090000000000003,,
2021-01-02,Johor,-17.040000000000006,,
2021-01-03,Johor,-22.209999999999997,,
2021-01-04,Johor,-18.92,,
2021-01-05,Johor,-21.31,,
2021-01-06,Johor,-21.81,,
2021-01-07,Johor,-20.94,,
2021-01-08,Johor,-8.900000000000006,,
2021-01-09,Johor,-15.700000000000005,,
2021-01-10,Johor,-18.010000000000005,,
2021-01-11,Johor,-3.390000000000001,,
2021-01-12,Johor,-11.849999999999994,,
2021-01-13,Johor,-49.65,,
2021-01-14,Johor,-52.01,,
2021-01-15,Johor,-47.43,,
2021-01-16,Johor,-51.81,,
2021-01-17,Johor,-47.52,,
2021-01-18,Johor,-47.36,,
2021-01-19,Johor,-39.67,,
2021-01-20,Johor,-43.87,,
2021-01-21,Johor,-47.89,,
2021-01-22,Johor,-43.82,,
2021-01-23,Johor,-43.06,,
2021-01-24,Johor,-47.78,,
2021-01-25,Johor,-44.2,,
2021-01-26,Johor,-45.25,,
2021-01-27,Johor,-44.7,,
2021-01-28,Johor,-46.55,,
2021-01-29,Johor,-38.28,,
2021-01-30,Johor,-40.6,,
2021-01-31,Johor,-43.5,,
2021-02-01,Johor,-43.11,,
2021-02-02,Johor,-41.53,,
2021-02-03,Johor,-41.2,,
2021-02-04,Johor,-38.01,,
2021-02-05,Johor,-34.47,,
2021-02-06,Johor,-34.61,,
2021-02-07,Johor,-33.75,,
2021-02-08,Johor,-35.44,,
2021-02-09,Johor,-34.84,,
2021-02-10,Johor,-35.42,,
2021-02-11,Johor,-40.93,,
2021-02-12,Johor,-40.39,,
2021-02-13,Johor,-36.13,,
2021-02-14,Johor,-33.41,,
2021-02-15,Johor,-40.04,,
2021-02-16,Johor,-39.55,,
2021-02-17,Johor,-37.71,,
2021-02-18,Johor,-27.819999999999997,,
2021-02-19,Johor,-33.56999999999999,,
2021-02-20,Johor,-28.97,,
2021-02-21,Johor,-31.94,,
2021-02-22,Johor,-36.34,,
2021-02-23,Johor,-37.2,,
2021-02-24,Johor,-37.14,,
2021-02-25,Johor,-30.31,,
2021-02-26,Johor,-22.27,,
2021-02-27,Johor,-17.900000000000006,,
2021-02-28,Johor,-26.03,,
2021-03-01,Johor,-27.40000000000001,,
2021-03-02,Johor,-24.72,,
2021-03-03,Johor,-26.27,,
2021-03-04,Johor,-18.870000000000005,,
2021-03-05,Johor,-2.239999999999995,,
2021-03-06,Johor,2.030000000000001,,
2021-03-07,Johor,-9.590000000000003,,
2021-03-08,Johor,-16.950000000000003,,
2021-03-09,Johor,-17.769999999999996,,
2021-03-10,Johor,-17.040000000000006,,
2021-03-11,Johor,-12.400000000000006,,
2021-03-13,Johor,-2.1599999999999966,,
2021-03-14,Johor,-9.019999999999996,,
2021-03-15,Johor,-16.25,,
2021-03-16,Johor,-16.92,,
2021-03-17,Johor,-17.980000000000004,,
2021-03-18,Johor,-11.810000000000002,,
2021-03-19,Johor,3.180000000000007,,
2021-03-20,Johor,2.6200000000000045,,
2021-03-21,Johor,-9.299999999999995,,
2021-03-22,Johor,-2.549999999999997,,
2021-03-23,Johor,-9.260000000000003,,
2021-03-24,Johor,-19.459999999999997,,
2021-03-25,Johor,-12.010000000000003,,
2021-03-26,Johor,0.7800000000000011,,
2021-03-27,Johor,0.2300000000000039,,
2021-03-28,Johor,-8.810000000000002,,
2021-03-29,Johor,-14.980000000000004,,
2021-03-30,Johor,-11.810000000000002,,
2021-03-31,Johor,-7.719999999999999,,
2021-04-01,Johor,-4.379999999999996,,
2021-04-02,Johor,11.97,,
2021-04-03,Johor,3.260000000000005,,
2021-04-04,Johor,-8.239999999999995,,
2021-04-05,Johor,-15.019999999999996,,
2021-04-06,Johor,-14.120000000000005,,
2021-04-07,Johor,-8.209999999999994,,
2021-04-08,Johor,4.060000000000002,,
2021-04-09,Johor,17.980000000000004,,
2021-04-10,Johor,14.760000000000003,,
2021-04-11,Johor,3.3100000000000023,,
2021-04-12,Johor,-21.58,,
2021-04-13,Johor,-29.42,,
2021-04-14,Johor,-29.090000000000003,,
2021-04-15,Johor,-23.90000000000001,,
2021-04-16,Johor,-17.989999999999995,,
2021-04-17,Johor,-16.959999999999994,,
2021-04-18,Johor,-20.879999999999995,,
2021-04-19,Johor,-26.86,,
2021-04-20,Johor,-27.16,,
2021-04-21,Johor,-28.599999999999994,,
2021-04-22,Johor,-22.620000000000005,,
2021-04-23,Johor,-11.230000000000004,,
2021-04-24,Johor,-11.689999999999998,,
2021-04-25,Johor,-16.980000000000004,,
2021-04-26,Johor,-25.730000000000004,,
2021-04-27,Johor,-24.15000000000001,,
2021-04-28,Johor,-20.78,,
2021-04-29,Johor,-16.519999999999996,,
2021-04-30,Johor,-2.269999999999996,,
2021-05-01,Johor,-1.1599999999999966,,
2021-05-02,Johor,-11.730000000000004,,
2021-05-03,Johor,-21.44,,
2021-05-04,Johor,-20.260000000000005,,
2021-05-05,Johor,-5.140000000000001,,
2021-05-06,Johor,7.409999999999997,,
2021-05-07,Johor,-28.680000000000007,,
2021-05-08,Johor,-23.06,,
2021-05-09,Johor,-27.11,,
2021-05-10,Johor,-28.83,,
2021-05-11,Johor,-25.72,,
2021-05-12,Johor,-30.120000000000005,,
2021-05-13,Johor,-46.77,,
2021-05-14,Johor,-38.65,,
2021-05-15,Johor,-36.87,,
2021-05-16,Johor,-34.53,,
2021-05-17,Johor,-36.82,,
2021-05-18,Johor,-38.98,,
2021-05-19,Johor,-37.21,,
2021-05-20,Johor,-40.63,,
2021-05-21,Johor,-37.56,,
2021-05-22,Johor,-41.22,,
2021-05-23,Johor,-39.45,,
2021-05-24,Johor,-40.34,,
2021-05-25,Johor,-45.32,,
2021-05-26,Johor,-41.18,,
2021-05-27,Johor,-44.76,,
2021-05-28,Johor,-42.15,,
2021-05-29,Johor,-40.08,,
2021-05-30,Johor,-33.89,,
2021-05-31,Johor,-47.6,,
2021-06-01,Johor,-56.49,,
2021-06-02,Johor,-53.68,,
2021-06-03,Johor,-51.63,,
2021-06-04,Johor,-49.58,,
2021-06-05,Johor,-52.46,,
2021-06-06,Johor,-52.39,,
2021-06-07,Johor,-48.15,,
2021-06-08,Johor,-49.77,,
2021-06-09,Johor,-50.72,,
2021-06-10,Johor,-50.85,,
2021-06-11,Johor,-46.84,,
2021-06-12,Johor,-47.43,,
2021-06-13,Johor,-46.54,,
2021-06-14,Johor,-47.3,,
2021-06-15,Johor,-48.71,,
2021-06-16,Johor,-47.94,,
2021-06-17,Johor,-50.47,,
2021-06-18,Johor,-48.97,,
2021-06-19,Johor,-46.7,,
2021-06-20,Johor,-48.18,,
2021-06-21,Johor,-50.78,,
2021-06-22,Johor,-48.15,,
2021-06-23,Johor,-49.05,,
2021-06-24,Johor,-49.4,,
2021-06-25,Johor,-47.24,,
2021-06-26,Johor,-47.99,,
2021-06-27,Johor,-51.67,,
2021-06-28,Johor,-47.89,,
2021-06-29,Johor,-45.32,,
2021-06-30,Johor,-42.49,,
2021-07-01,Johor,-40.6,,
2021-07-02,Johor,-41.39,,
2021-07-03,Johor,-41.89,,
2021-07-04,Johor,-43.12,,
2021-07-05,Johor,-43.52,,
2021-07-06,Johor,-43.42,,
2021-07-07,Johor,-41.54,,
2021-07-08,Johor,-40.43,,
2021-07-09,Johor,-38.25,,
2021-07-10,Johor,-37.71,,
2021-07-11,Johor,-41.26,,
2021-07-12,Johor,-43.62,,
2021-07-13,Johor,-40.95,,
2021-07-14,Johor,-40.6,,
2021-07-15,Johor,-41.91,,
2021-07-16,Johor,-37.81,,
2021-07-17,Johor,-35.92,,
2021-07-18,Johor,-35.64,,
2021-07-19,Johor,-37.16,,
2021-07-20,Johor,-44.34,,
2021-07-21,Johor,-42.52,,
2021-07-22,Johor,-42.05,,
2021-07-23,Johor,-42.18,,
2021-07-24,Johor,-39.77,,
2021-07-25,Johor,-44.2,,
2021-07-26,Johor,-42.73,,
2021-07-27,Johor,-40.34,,
2021-07-28,Johor,-40.1,,
2021-07-29,Johor,-42.84,,
2021-07-30,Johor,-41.22,,
2021-07-31,Johor,-36.97,,
2021-08-01,Johor,-36.11,,
2021-08-02,Johor,-38.02,,
2021-08-03,Johor,-37.65,,
2021-08-04,Johor,-37.07,,
2021-08-05,Johor,-36.12,,
2021-08-06,Johor,-33.75,,
2021-08-07,Johor,-33.95,,
2021-08-08,Johor,-33.730000000000004,,
2021-08-09,Johor,-38.67,,
2021-08-10,Johor,-37.34,,
2021-08-11,Johor,-35.84,,
2021-08-12,Johor,-34.41,,
2021-08-13,Johor,-33.83,,
2021-08-14,Johor,-35.760000000000005,,
2021-08-15,Johor,-40.1,,
2021-08-16,Johor,-36.49,,
2021-08-17,Johor,-37.66,,
2021-08-18,Johor,-36.59,,
2021-08-19,Johor,-33.209999999999994,,
2021-08-20,Johor,-34.91,,
2021-08-21,Johor,-34.11,,
2021-08-22,Johor,-36.4,,
2021-08-23,Johor,-34.06,,
2021-08-24,Johor,-33.989999999999995,,
2021-08-25,Johor,-34.870000000000005,,
2021-08-26,Johor,-32.83,,
2021-08-27,Johor,-29.819999999999997,,
2021-08-28,Johor,-32.980000000000004,,
2021-08-29,Johor,-36.08,,
2021-08-30,Johor,-31.83,,
2021-08-31,Johor,-28.349999999999994,,
2021-09-01,Johor,-32.900000000000006,,
2021-09-02,Johor,-33.370000000000005,,
2021-09-03,Johor,-29.450000000000003,,
2021-09-04,Johor,-26.14,,
2021-09-05,Johor,-26.930000000000007,,
2021-09-06,Johor,-27.52,,
2021-09-07,Johor,-27.319999999999997,,
2021-09-08,Johor,-26.700000000000003,,
2021-09-09,Johor,-27.28,,
2021-09-10,Johor,-21.22,,
2021-09-11,Johor,-21.31,,
2021-09-12,Johor,-28.52,,
2021-09-13,Johor,-29.260000000000005,,
2021-09-14,Johor,-27.069999999999997,,
2021-09-15,Johor,-26.61,,
2021-09-16,Johor,-28.340000000000003,,
2021-09-17,Johor,-25.67,,
2021-09-18,Johor,-28.08,,
2021-09-19,Johor,-28.39,,
2021-09-20,Johor,-24.840000000000003,,
2021-09-21,Johor,-20.75,,
2021-09-22,Johor,-26.75,,
2021-09-23,Johor,-22.129999999999995,,
2021-09-24,Johor,-17.17,,
2021-09-25,Johor,-16.03,,
2021-09-26,Johor,-21.36,,
2021-09-27,Johor,-22.620000000000005,,
2021-09-28,Johor,-23.540000000000006,,
2021-09-29,Johor,-23.83,,
2021-09-30,Johor,-17.47,,
2021-10-01,Johor,-11.170000000000002,,
2021-10-02,Johor,-3.7099999999999937,,
2021-10-03,Johor,-16.239999999999995,,
2021-10-04,Johor,-21.86,,
2021-10-05,Johor,-17.540000000000006,,
2021-10-06,Johor,-14.879999999999995,,
2021-10-07,Johor,-9.299999999999995,,
2021-10-08,Johor,3.5400000000000063,,
2021-10-09,Johor,7.640000000000001,,
2021-10-10,Johor,-3.140000000000001,,
2021-10-11,Johor,-9.53,,
2021-10-12,Johor,-11.170000000000002,,
2021-10-13,Johor,-10.22,,
2021-10-14,Johor,-6.219999999999999,,
2021-10-15,Johor,9.569999999999991,,
2021-10-16,Johor,9.310000000000002,,
2021-10-17,Johor,-4.280000000000001,,
2021-10-18,Johor,-7.689999999999998,,
2021-10-19,Johor,-8.760000000000005,,
2021-10-20,Johor,-17.349999999999994,,
2021-10-21,Johor,-14.620000000000005,,
2021-10-22,Johor,1.0999999999999943,,
2021-10-23,Johor,1.4000000000000057,,
2021-10-24,Johor,-10.689999999999998,,
2021-10-25,Johor,-17.760000000000005,,
2021-10-26,Johor,-16.980000000000004,,
2021-10-27,Johor,-8.409999999999997,,
2021-10-28,Johor,-8.709999999999994,,
2021-10-29,Johor,11.349999999999994,,
2021-10-30,Johor,13.730000000000004,,
2021-10-31,Johor,-1.6800000000000068,,
2021-11-01,Johor,-9.569999999999991,,
2021-11-02,Johor,-3.9000000000000057,,
2021-11-03,Johor,13.650000000000006,,
2021-11-04,Johor,0.519999999999996,,
2021-11-05,Johor,11.53,,
2021-11-06,Johor,13.14,,
2021-11-07,Johor,0.0300000000000011,,
2021-11-08,Johor,-11.790000000000006,,
2021-11-09,Johor,-13.099999999999994,,
2021-11-10,Johor,-10.39,,
2021-11-11,Johor,-7.060000000000002,,
2021-11-12,Johor,4.6200000000000045,,
2021-11-13,Johor,10.269999999999996,,
2021-11-14,Johor,-6.230000000000004,,
2021-11-15,Johor,-18.08,,
2021-11-16,Johor,-21.11,,
2021-11-17,Johor,-13.86,,
2021-11-18,Johor,-2.510000000000005,,
2021-11-19,Johor,7.3799999999999955,,
2021-11-20,Johor,3.7099999999999937,,
2021-11-21,Johor,-10.959999999999994,,
2021-11-22,Johor,-21.17,,
2021-11-23,Johor,-19.340000000000003,,
2021-11-24,Johor,-14.540000000000006,,
2021-11-25,Johor,-7.459999999999994,,
2021-11-26,Johor,16.03,,
2021-11-27,Johor,4.140000000000001,,
2021-11-28,Johor,-6.150000000000006,,
2021-11-29,Johor,-14.329999999999998,,
2021-11-30,Johor,-17.840000000000003,,
2021-12-01,Johor,-12.78,,
2021-12-02,Johor,-0.5600000000000023,,
2021-12-03,Johor,15.840000000000003,,
2021-12-04,Johor,22.090000000000003,,
2020-01-13,Kuala Lumpur,0.0,,0.0
2020-01-14,Kuala Lumpur,-2.069999999999993,,-2.049999999999997
2020-01-15,Kuala Lumpur,1.6400000000000006,,0.7099999999999937
2020-01-16,Kuala Lumpur,8.040000000000006,,9.89
2020-01-17,Kuala Lumpur,30.120000000000005,,26.840000000000003
2020-01-18,Kuala Lumpur,23.89,,24.510000000000005
2020-01-19,Kuala Lumpur,5.969999999999999,,5.540000000000006
2020-01-20,Kuala Lumpur,1.75,,4.680000000000007
2020-01-21,Kuala Lumpur,4.349999999999994,,5.109999999999999
2020-01-22,Kuala Lumpur,9.439999999999998,,4.480000000000004
2020-01-23,Kuala Lumpur,11.200000000000005,,8.150000000000006
2020-01-24,Kuala Lumpur,20.980000000000004,,22.950000000000003
2020-01-25,Kuala Lumpur,9.239999999999997,,29.860000000000014
2020-01-26,Kuala Lumpur,4.0,,21.430000000000007
2020-01-27,Kuala Lumpur,5.959999999999994,,7.329999999999998
2020-01-28,Kuala Lumpur,-3.4599999999999937,,-10.480000000000004
2020-01-29,Kuala Lumpur,0.2000000000000028,,2.019999999999996
2020-01-30,Kuala Lumpur,-1.3900000000000006,,-4.540000000000006
2020-01-31,Kuala Lumpur,18.200000000000003,,-5.0
2020-02-01,Kuala Lumpur,18.25,,-0.8100000000000023
2020-02-02,Kuala Lumpur,4.700000000000003,,-14.64
2020-02-03,Kuala Lumpur,-2.9000000000000057,,-16.650000000000006
2020-02-04,Kuala Lumpur,-4.1200000000000045,,-16.590000000000003
2020-02-05,Kuala Lumpur,-1.2800000000000011,,-15.930000000000009
2020-02-06,Kuala Lumpur,6.769999999999996,,0.3599999999999994
2020-02-07,Kuala Lumpur,31.080000000000013,,6.439999999999998
2020-02-08,Kuala Lumpur,24.08,,9.14
2020-02-09,Kuala Lumpur,5.719999999999999,,-8.280000000000001
2020-02-10,Kuala Lumpur,-5.379999999999996,,-15.180000000000009
2020-02-11,Kuala Lumpur,-6.019999999999996,,-18.15000000000001
2020-02-12,Kuala Lumpur,-4.310000000000002,,-15.180000000000009
2020-02-13,Kuala Lumpur,3.7099999999999937,,-11.25
2020-02-14,Kuala Lumpur,40.80000000000001,,15.22
2020-02-15,Kuala Lumpur,21.90000000000001,,4.030000000000001
2020-02-16,Kuala Lumpur,1.3700000000000043,,-16.0
2020-02-17,Kuala Lumpur,-6.439999999999998,,-23.819999999999997
2020-02-18,Kuala Lumpur,-7.290000000000006,,-19.319999999999997
2020-02-19,Kuala Lumpur,-3.9000000000000057,,-20.510000000000005
2020-02-20,Kuala Lumpur,0.7600000000000051,,-16.930000000000007
2020-02-21,Kuala Lumpur,27.86,,-1.5100000000000051
2020-02-22,Kuala Lumpur,21.05,,3.769999999999996
2020-02-23,Kuala Lumpur,2.299999999999997,,-18.040000000000006
2020-02-24,Kuala Lumpur,-8.489999999999995,,-25.97
2020-02-25,Kuala Lumpur,-6.519999999999996,,-27.620000000000005
2020-02-26,Kuala Lumpur,-6.700000000000003,,-25.290000000000006
2020-02-27,Kuala Lumpur,0.3799999999999954,,-16.239999999999995
2020-02-28,Kuala Lumpur,28.19999999999999,,2.0900000000000034
2020-02-29,Kuala Lumpur,23.72,,1.1800000000000068
2020-03-01,Kuala Lumpur,3.1700000000000017,,-18.879999999999995
2020-03-02,Kuala Lumpur,-7.700000000000003,,-26.53
2020-03-03,Kuala Lumpur,-7.620000000000003,,-29.099999999999994
2020-03-04,Kuala Lumpur,-8.069999999999993,,-28.86
2020-03-05,Kuala Lumpur,-0.5300000000000011,,-24.94
2020-03-06,Kuala Lumpur,23.680000000000007,,-9.090000000000003
2020-03-07,Kuala Lumpur,14.230000000000004,,-11.549999999999995
2020-03-08,Kuala Lumpur,-1.5499999999999972,,-27.5
2020-03-09,Kuala Lumpur,-14.010000000000003,,-35.480000000000004
2020-03-10,Kuala Lumpur,-13.569999999999991,,-40.54
2020-03-11,Kuala Lumpur,-14.930000000000009,,-41.7
2020-03-12,Kuala Lumpur,-10.86,,-37.56
2020-03-13,Kuala Lumpur,9.53,,-26.010000000000005
2020-03-14,Kuala Lumpur,-0.9300000000000068,,-36.27
2020-03-15,Kuala Lumpur,-16.900000000000006,,-44.75
2020-03-16,Kuala Lumpur,-28.370000000000005,,-54.05
2020-03-17,Kuala Lumpur,-27.450000000000003,,-64.02000000000001
2020-03-18,Kuala Lumpur,-59.16,,-77.65
2020-03-19,Kuala Lumpur,-66.57,,-80.07
2020-03-20,Kuala Lumpur,-69.96000000000001,,-83.34
2020-03-21,Kuala Lumpur,-75.64,,-85.18
2020-03-22,Kuala Lumpur,-75.08,,-87.09
2020-03-23,Kuala Lumpur,-74.25,,-86.74
2020-03-24,Kuala Lumpur,-71.48,,-85.48
2020-03-25,Kuala Lumpur,-69.5,,-84.23
2020-03-26,Kuala Lumpur,-70.34,,-84.19
2020-03-27,Kuala Lumpur,-71.57,,-84.55
2020-03-28,Kuala Lumpur,-72.35,,-84.73
2020-03-29,Kuala Lumpur,-69.55,,-84.21000000000001
2020-03-30,Kuala Lumpur,-68.73,,-84.27
2020-03-31,Kuala Lumpur,-69.7,,-83.09
2020-04-01,Kuala Lumpur,-67.82,,-82.07
2020-04-02,Kuala Lumpur,-69.55,,-83.01
2020-04-03,Kuala Lumpur,-70.02,,-84.23
2020-04-04,Kuala Lumpur,-72.15,,-83.0
2020-04-05,Kuala Lumpur,-69.48,,-82.21000000000001
2020-04-06,Kuala Lumpur,-68.89,,-84.14
2020-04-07,Kuala Lumpur,-68.25,,-81.63
2020-04-08,Kuala Lumpur,-69.53999999999999,,-81.0
2020-04-09,Kuala Lumpur,-67.35,,-80.74
2020-04-10,Kuala Lumpur,-66.4,,-78.72
2020-04-11,Kuala Lumpur,-68.26,,-81.01
2020-04-12,Kuala Lumpur,-67.35,,-81.37
2020-04-13,Kuala Lumpur,-65.91,,-79.76
2020-04-14,Kuala Lumpur,-64.03999999999999,,-79.14
2020-04-15,Kuala Lumpur,-63.96,,-77.47
2020-04-16,Kuala Lumpur,-63.8,,-78.06
2020-04-17,Kuala Lumpur,-63.81,,-78.18
2020-04-18,Kuala Lumpur,-67.89,,-80.95
2020-04-19,Kuala Lumpur,-65.14,,-80.22
2020-04-20,Kuala Lumpur,-64.7,,-81.58
2020-04-21,Kuala Lumpur,-64.37,,-78.75
2020-04-22,Kuala Lumpur,-65.8,,-78.93
2020-04-23,Kuala Lumpur,-68.2,,-83.02
2020-04-24,Kuala Lumpur,-64.99000000000001,,-78.85
2020-04-25,Kuala Lumpur,-65.99000000000001,,-78.12
2020-04-26,Kuala Lumpur,-62.31,,-77.71000000000001
2020-04-27,Kuala Lumpur,-62.53,,-78.45
2020-04-28,Kuala Lumpur,-60.29,,-75.84
2020-04-29,Kuala Lumpur,-59.51,,-75.49
2020-04-30,Kuala Lumpur,-61.42,,-76.91
2020-05-01,Kuala Lumpur,-59.71,,-73.32
2020-05-02,Kuala Lumpur,-62.69,,-76.09
2020-05-03,Kuala Lumpur,-55.8,,-72.93
2020-05-04,Kuala Lumpur,-52.94,,-73.08
2020-05-05,Kuala Lumpur,-50.4,,-73.27
2020-05-06,Kuala Lumpur,-49.31,,-73.77
2020-05-07,Kuala Lumpur,-48.71,,-71.02
2020-05-08,Kuala Lumpur,-46.24,,-71.48
2020-05-09,Kuala Lumpur,-45.15,,-71.0
2020-05-10,Kuala Lumpur,-46.31,,-73.08
2020-05-13,Kuala Lumpur,-42.0,,-68.77
2020-05-14,Kuala Lumpur,-40.54,,-66.78999999999999
2020-05-15,Kuala Lumpur,-33.08,,-62.1
2020-05-16,Kuala Lumpur,-38.58,,-66.6
2020-05-17,Kuala Lumpur,-36.05,,-65.66
2020-05-18,Kuala Lumpur,-34.67,,-62.37
2020-05-19,Kuala Lumpur,-31.620000000000005,,-64.56
2020-05-20,Kuala Lumpur,-30.340000000000003,,-63.76
2020-05-21,Kuala Lumpur,-24.8,,-61.81
2020-05-22,Kuala Lumpur,-27.340000000000003,,-58.41
2020-05-23,Kuala Lumpur,-31.840000000000003,,-63.95
2020-05-24,Kuala Lumpur,-42.09,,-71.6
2020-05-25,Kuala Lumpur,-38.89,,-69.67
2020-05-26,Kuala Lumpur,-36.12,,-66.9
2020-05-27,Kuala Lumpur,-35.599999999999994,,-64.45
2020-05-28,Kuala Lumpur,-37.04,,-66.78
2020-05-29,Kuala Lumpur,-27.129999999999995,,-63.31
2020-05-30,Kuala Lumpur,-28.22,,-60.91
2020-05-31,Kuala Lumpur,-30.03,,-63.07
2020-06-01,Kuala Lumpur,-27.760000000000005,,-62.35
2020-06-02,Kuala Lumpur,-27.02,,-60.51
2020-06-03,Kuala Lumpur,-28.459999999999997,,-62.69
2020-06-04,Kuala Lumpur,-22.94,,-61.41
2020-06-05,Kuala Lumpur,-16.730000000000004,,-56.76
2020-06-06,Kuala Lumpur,-18.239999999999995,,-57.31
2020-06-07,Kuala Lumpur,-17.08,,-57.65
2020-06-08,Kuala Lumpur,-18.590000000000003,,-58.69
2020-06-09,Kuala Lumpur,-16.39,,-56.98
2020-06-10,Kuala Lumpur,-10.739999999999997,,-56.08
2020-06-11,Kuala Lumpur,-8.530000000000001,,-55.24
2020-06-12,Kuala Lumpur,-0.8700000000000045,,-50.19
2020-06-13,Kuala Lumpur,-6.340000000000003,,-54.64
2020-06-14,Kuala Lumpur,-9.5,,-52.05
2020-06-15,Kuala Lumpur,-11.489999999999997,,-54.27
2020-06-16,Kuala Lumpur,-9.760000000000003,,-53.39
2020-06-17,Kuala Lumpur,-8.540000000000006,,-55.04
2020-06-18,Kuala Lumpur,-4.030000000000001,,-53.03
2020-06-19,Kuala Lumpur,7.230000000000004,,-47.61
2020-06-20,Kuala Lumpur,-0.3299999999999983,,-51.13
2020-06-21,Kuala Lumpur,-5.109999999999999,,-48.77
2020-06-22,Kuala Lumpur,-5.780000000000001,,-51.95
2020-06-23,Kuala Lumpur,-5.359999999999999,,-52.15
2020-06-24,Kuala Lumpur,-7.030000000000001,,-51.54
2020-06-25,Kuala Lumpur,2.3499999999999943,,-48.89
2020-06-26,Kuala Lumpur,15.450000000000005,,-41.97
2020-06-27,Kuala Lumpur,12.040000000000006,,-42.38
2020-06-28,Kuala Lumpur,0.1800000000000068,,-49.33
2020-06-29,Kuala Lumpur,-3.030000000000001,,-49.7
2020-06-30,Kuala Lumpur,-0.4200000000000017,,-48.27
2020-07-01,Kuala Lumpur,0.1800000000000068,,-46.01
2020-07-02,Kuala Lumpur,5.260000000000005,,-43.53
2020-07-03,Kuala Lumpur,27.489999999999995,,-33.92
2020-07-04,Kuala Lumpur,22.92,,-33.09
2020-07-05,Kuala Lumpur,6.079999999999998,,-43.07
2020-07-06,Kuala Lumpur,-0.3299999999999983,,-47.98
2020-07-07,Kuala Lumpur,-2.0,,-46.97
2020-07-08,Kuala Lumpur,1.4200000000000017,,-44.88
2020-07-09,Kuala Lumpur,7.489999999999995,,-40.75
2020-07-10,Kuala Lumpur,104.37,,-0.5100000000000051
2020-07-11,Kuala Lumpur,28.849999999999994,,-29.840000000000003
2020-07-12,Kuala Lumpur,13.189999999999998,,-40.22
2020-07-13,Kuala Lumpur,-0.4000000000000057,,-43.97
2020-07-14,Kuala Lumpur,18.090000000000003,,-38.48
2020-07-15,Kuala Lumpur,12.959999999999994,,-39.86
2020-07-16,Kuala Lumpur,6.760000000000005,,-37.78
2020-07-17,Kuala Lumpur,27.86,,-32.06
2020-07-18,Kuala Lumpur,19.8,,-36.78
2020-07-19,Kuala Lumpur,5.489999999999995,,-40.86
2020-07-20,Kuala Lumpur,-2.430000000000007,,-45.78
2020-07-21,Kuala Lumpur,-2.569999999999993,,-45.87
2020-07-22,Kuala Lumpur,-2.1599999999999966,,-46.57
2020-07-23,Kuala Lumpur,5.299999999999997,,-42.9
2020-07-24,Kuala Lumpur,31.47,,-29.010000000000005
2020-07-25,Kuala Lumpur,24.42,,-32.17
2020-07-26,Kuala Lumpur,4.209999999999994,,-39.99
2020-07-27,Kuala Lumpur,-3.480000000000004,,-44.6
2020-07-28,Kuala Lumpur,4.890000000000001,,-46.53
2020-07-29,Kuala Lumpur,15.159999999999997,,-41.29
2020-07-30,Kuala Lumpur,-2.0600000000000023,,-51.45
2020-07-31,Kuala Lumpur,-16.33,,-50.57
2020-08-01,Kuala Lumpur,-8.75,,-48.89
2020-08-02,Kuala Lumpur,0.6099999999999994,,-47.71
2020-08-03,Kuala Lumpur,-1.6200000000000043,,-47.28
2020-08-04,Kuala Lumpur,-0.6200000000000045,,-46.41
2020-08-05,Kuala Lumpur,1.6700000000000017,,-44.5
2020-08-06,Kuala Lumpur,7.840000000000003,,-40.25
2020-08-07,Kuala Lumpur,29.129999999999995,,-28.67
2020-08-08,Kuala Lumpur,25.739999999999995,,-28.989999999999995
2020-08-09,Kuala Lumpur,8.450000000000003,,-38.82
2020-08-10,Kuala Lumpur,-1.9399999999999975,,-46.46
2020-08-11,Kuala Lumpur,-2.6599999999999966,,-48.69
2020-08-12,Kuala Lumpur,-2.819999999999993,,-46.25
2020-08-13,Kuala Lumpur,3.6899999999999977,,-41.87
2020-08-14,Kuala Lumpur,24.17,,-30.33
2020-08-15,Kuala Lumpur,17.700000000000003,,-35.64
2020-08-16,Kuala Lumpur,-0.7800000000000011,,-44.17
2020-08-17,Kuala Lumpur,-4.099999999999994,,-46.45
2020-08-18,Kuala Lumpur,-3.1899999999999977,,-46.77
2020-08-19,Kuala Lumpur,18.41,,-36.46
2020-08-20,Kuala Lumpur,13.61,,-31.840000000000003
2020-08-21,Kuala Lumpur,18.950000000000003,,-28.379999999999995
2020-08-22,Kuala Lumpur,19.840000000000003,,-32.02
2020-08-23,Kuala Lumpur,4.590000000000003,,-41.48
2020-08-24,Kuala Lumpur,-2.4000000000000057,,-47.7
2020-08-25,Kuala Lumpur,-2.5600000000000023,,-51.31
2020-08-26,Kuala Lumpur,-1.0699999999999932,,-48.42
2020-08-27,Kuala Lumpur,7.930000000000007,,-42.49
2020-08-28,Kuala Lumpur,41.03999999999999,,-28.599999999999994
2020-08-29,Kuala Lumpur,33.02000000000001,,-21.340000000000003
2020-08-30,Kuala Lumpur,26.870000000000005,,-26.129999999999995
2020-08-31,Kuala Lumpur,7.810000000000002,,-41.85
2020-09-01,Kuala Lumpur,-2.239999999999995,,-46.09
2020-09-02,Kuala Lumpur,2.2099999999999937,,-42.28
2020-09-03,Kuala Lumpur,4.400000000000006,,-41.55
2020-09-04,Kuala Lumpur,32.150000000000006,,-26.959999999999997
2020-09-05,Kuala Lumpur,18.19,,-26.03
2020-09-06,Kuala Lumpur,-0.0499999999999971,,-39.84
2020-09-07,Kuala Lumpur,-7.829999999999998,,-46.2
2020-09-08,Kuala Lumpur,-8.950000000000003,,-48.47
2020-09-09,Kuala Lumpur,-8.540000000000006,,-48.99
2020-09-10,Kuala Lumpur,1.9699999999999989,,-39.97
2020-09-11,Kuala Lumpur,18.620000000000005,,-28.94
2020-09-12,Kuala Lumpur,13.680000000000009,,-28.730000000000004
2020-09-13,Kuala Lumpur,-1.480000000000004,,-42.43
2020-09-14,Kuala Lumpur,-8.969999999999999,,-46.02
2020-09-15,Kuala Lumpur,10.670000000000002,,-31.450000000000003
2020-09-16,Kuala Lumpur,2.5400000000000063,,-33.31
2020-09-17,Kuala Lumpur,6.760000000000005,,-26.849999999999994
2020-09-18,Kuala Lumpur,20.61,,-22.8
2020-09-19,Kuala Lumpur,12.769999999999996,,-23.290000000000006
2020-09-20,Kuala Lumpur,-2.549999999999997,,-37.18
2020-09-21,Kuala Lumpur,-12.36,,-44.94
2020-09-22,Kuala Lumpur,-11.730000000000004,,-44.54
2020-09-23,Kuala Lumpur,-7.140000000000001,,-43.46
2020-09-24,Kuala Lumpur,-3.4200000000000017,,-35.02
2020-09-25,Kuala Lumpur,19.14,,-25.40000000000001
2020-09-26,Kuala Lumpur,9.560000000000002,,-28.64
2020-09-27,Kuala Lumpur,-7.0,,-38.56
2020-09-28,Kuala Lumpur,-17.459999999999994,,-46.16
2020-09-29,Kuala Lumpur,-16.689999999999998,,-45.69
2020-09-30,Kuala Lumpur,-12.799999999999995,,-45.1
2020-10-01,Kuala Lumpur,-9.25,,-49.09
2020-10-02,Kuala Lumpur,0.4099999999999966,,-38.39
2020-10-03,Kuala Lumpur,-7.230000000000004,,-42.03
2020-10-04,Kuala Lumpur,-21.069999999999997,,-51.04
2020-10-05,Kuala Lumpur,-25.77,,-53.52
2020-10-06,Kuala Lumpur,-28.379999999999995,,-54.61
2020-10-07,Kuala Lumpur,-26.069999999999997,,-52.08
2020-10-08,Kuala Lumpur,-20.02,,-50.6
2020-10-09,Kuala Lumpur,-11.769999999999996,,-45.57
2020-10-10,Kuala Lumpur,-18.78,,-46.85
2020-10-11,Kuala Lumpur,-28.02,,-53.65
2020-10-12,Kuala Lumpur,-27.680000000000007,,-56.45
2020-10-13,Kuala Lumpur,-33.39,,-59.79
2020-10-14,Kuala Lumpur,-53.26,,-68.88
2020-10-15,Kuala Lumpur,-52.54,,-67.45
2020-10-16,Kuala Lumpur,-50.87,,-64.99000000000001
2020-10-17,Kuala Lumpur,-54.18,,-66.07
2020-10-18,Kuala Lumpur,-52.78,,-65.93
2020-10-19,Kuala Lumpur,-51.14,,-66.72999999999999
2020-10-20,Kuala Lumpur,-52.3,,-67.12
2020-10-21,Kuala Lumpur,-53.91,,-68.1
2020-10-22,Kuala Lumpur,-54.88,,-68.08
2020-10-23,Kuala Lumpur,-52.35,,-67.13
2020-10-24,Kuala Lumpur,-55.58,,-68.73
2020-10-25,Kuala Lumpur,-53.95,,-66.93
2020-10-26,Kuala Lumpur,-51.84,,-66.66
2020-10-27,Kuala Lumpur,-50.28,,-64.97
2020-10-28,Kuala Lumpur,-49.99,,-65.58
2020-10-29,Kuala Lumpur,-48.61,,-64.64
2020-10-30,Kuala Lumpur,-46.03,,-61.74
2020-10-31,Kuala Lumpur,-49.61,,-64.21000000000001
2020-11-01,Kuala Lumpur,-49.41,,-63.35
2020-11-02,Kuala Lumpur,-51.56,,-66.35
2020-11-03,Kuala Lumpur,-49.17,,-62.39
2020-11-04,Kuala Lumpur,-51.27,,-67.84
2020-11-05,Kuala Lumpur,-48.82,,-63.38
2020-11-06,Kuala Lumpur,-46.46,,-58.63
2020-11-07,Kuala Lumpur,-47.63,,-60.76
2020-11-08,Kuala Lumpur,-51.74,,-65.50999999999999
2020-11-09,Kuala Lumpur,-51.38,,-63.45
2020-11-10,Kuala Lumpur,-51.94,,-66.87
2020-11-11,Kuala Lumpur,-50.68,,-66.1
2020-11-12,Kuala Lumpur,-49.2,,-64.35
2020-11-13,Kuala Lumpur,-44.69,,-60.25
2020-11-14,Kuala Lumpur,-48.28,,-60.64
2020-11-15,Kuala Lumpur,-48.95,,-62.61
2020-11-16,Kuala Lumpur,-50.07,,-62.13
2020-11-17,Kuala Lumpur,-48.65,,-65.21000000000001
2020-11-18,Kuala Lumpur,-45.0,,-62.5
2020-11-19,Kuala Lumpur,-46.65,,-61.92
2020-11-20,Kuala Lumpur,-42.13,,-59.11
2020-11-21,Kuala Lumpur,-44.02,,-60.35
2020-11-22,Kuala Lumpur,-46.97,,-62.08
2020-11-23,Kuala Lumpur,-50.72,,-65.18
2020-11-24,Kuala Lumpur,-47.92,,-63.59
2020-11-25,Kuala Lumpur,-45.61,,-60.57
2020-11-26,Kuala Lumpur,-44.19,,-61.59
2020-11-27,Kuala Lumpur,-37.67,,-56.77
2020-11-28,Kuala Lumpur,-39.78,,-58.48
2020-11-29,Kuala Lumpur,-41.56,,-58.49
2020-11-30,Kuala Lumpur,-44.51,,-61.69
2020-12-01,Kuala Lumpur,-42.23,,-60.22
2020-12-02,Kuala Lumpur,-42.53,,-58.8
2020-12-03,Kuala Lumpur,-41.3,,-58.56
2020-12-04,Kuala Lumpur,-33.650000000000006,,-52.43
2020-12-05,Kuala Lumpur,-33.980000000000004,,-52.71
2020-12-06,Kuala Lumpur,-36.45,,-53.59
2020-12-07,Kuala Lumpur,-36.22,,-54.83
2020-12-08,Kuala Lumpur,-35.230000000000004,,-56.45
2020-12-09,Kuala Lumpur,-33.620000000000005,,-57.2
2020-12-10,Kuala Lumpur,-26.569999999999997,,-52.26
2020-12-11,Kuala Lumpur,-24.75,,-48.73
2020-12-12,Kuala Lumpur,-30.010000000000005,,-52.07
2020-12-13,Kuala Lumpur,-30.200000000000003,,-53.43
2020-12-14,Kuala Lumpur,-31.590000000000003,,-53.5
2020-12-15,Kuala Lumpur,-32.28,,-55.51
2020-12-16,Kuala Lumpur,-29.590000000000003,,-53.87
2020-12-17,Kuala Lumpur,-26.840000000000003,,-51.47
2020-12-18,Kuala Lumpur,-17.61,,-44.55
2020-12-19,Kuala Lumpur,-22.64,,-46.62
2020-12-20,Kuala Lumpur,-29.69,,-52.71
2020-12-21,Kuala Lumpur,-30.89,,-52.34
2020-12-22,Kuala Lumpur,-28.31,,-47.88
2020-12-23,Kuala Lumpur,-22.700000000000003,,-48.54
2020-12-24,Kuala Lumpur,-17.47,,-45.79
2020-12-25,Kuala Lumpur,-24.569999999999997,,-48.7
2020-12-26,Kuala Lumpur,-27.099999999999994,,-51.01
2020-12-27,Kuala Lumpur,-25.5,,-52.81
2020-12-28,Kuala Lumpur,-29.8,,-52.15
2020-12-29,Kuala Lumpur,-25.41,,-47.51
2020-12-30,Kuala Lumpur,-21.239999999999995,,-47.58
2020-12-31,Kuala Lumpur,-9.97,,-36.78
2021-01-01,Kuala Lumpur,-22.41,,-44.15
2021-01-02,Kuala Lumpur,-27.02,,-51.46
2021-01-03,Kuala Lumpur,-29.370000000000005,,-51.16
2021-01-04,Kuala Lumpur,-30.41,,-52.72
2021-01-05,Kuala Lumpur,-29.33,,-53.91
2021-01-06,Kuala Lumpur,-29.41,,-52.26
2021-01-07,Kuala Lumpur,-27.47,,-50.34
2021-01-08,Kuala Lumpur,-18.680000000000007,,-45.02
2021-01-09,Kuala Lumpur,-18.230000000000004,,-44.7
2021-01-10,Kuala Lumpur,-27.870000000000005,,-51.04
2021-01-11,Kuala Lumpur,-22.36,,-47.79
2021-01-12,Kuala Lumpur,-28.31,,-55.3
2021-01-13,Kuala Lumpur,-60.2,,-68.18
2021-01-14,Kuala Lumpur,-58.51,,-69.36
2021-01-15,Kuala Lumpur,-53.3,,-67.11
2021-01-16,Kuala Lumpur,-56.67,,-69.55
2021-01-17,Kuala Lumpur,-55.57,,-67.47999999999999
2021-01-18,Kuala Lumpur,-55.17,,-67.7
2021-01-19,Kuala Lumpur,-47.76,,-62.68
2021-01-20,Kuala Lumpur,-52.23,,-63.27
2021-01-21,Kuala Lumpur,-54.83,,-67.06
2021-01-22,Kuala Lumpur,-53.03,,-66.53
2021-01-23,Kuala Lumpur,-57.77,,-68.09
2021-01-24,Kuala Lumpur,-56.24,,-66.63
2021-01-25,Kuala Lumpur,-53.47,,-67.07
2021-01-26,Kuala Lumpur,-52.67,,-62.85
2021-01-27,Kuala Lumpur,-53.62,,-66.85
2021-01-28,Kuala Lumpur,-52.35,,-67.08
2021-01-29,Kuala Lumpur,-50.98,,-61.97
2021-01-30,Kuala Lumpur,-55.05,,-66.64
2021-01-31,Kuala Lumpur,-53.37,,-67.42
2021-02-01,Kuala Lumpur,-51.29,,-63.18
2021-02-02,Kuala Lumpur,-49.97,,-63.34
2021-02-03,Kuala Lumpur,-48.74,,-62.46
2021-02-04,Kuala Lumpur,-47.85,,-61.85
2021-02-05,Kuala Lumpur,-44.37,,-63.05
2021-02-06,Kuala Lumpur,-49.07,,-62.83
2021-02-07,Kuala Lumpur,-45.64,,-59.45
2021-02-08,Kuala Lumpur,-45.14,,-61.74
2021-02-09,Kuala Lumpur,-42.99,,-60.29
2021-02-10,Kuala Lumpur,-41.82,,-61.35
2021-02-11,Kuala Lumpur,-48.53,,-63.18
2021-02-12,Kuala Lumpur,-50.7,,-62.77
2021-02-13,Kuala Lumpur,-49.21,,-61.97
2021-02-14,Kuala Lumpur,-47.94,,-60.22
2021-02-15,Kuala Lumpur,-48.33,,-63.54
2021-02-16,Kuala Lumpur,-47.38,,-62.75
2021-02-17,Kuala Lumpur,-44.15,,-61.3
2021-02-18,Kuala Lumpur,-30.980000000000004,,-55.91
2021-02-19,Kuala Lumpur,-40.95,,-55.99
2021-02-20,Kuala Lumpur,-42.15,,-56.74
2021-02-21,Kuala Lumpur,-44.13,,-60.99
2021-02-22,Kuala Lumpur,-43.81,,-58.98
2021-02-23,Kuala Lumpur,-43.64,,-58.89
2021-02-24,Kuala Lumpur,-42.78,,-58.98
2021-02-25,Kuala Lumpur,-36.16,,-56.64
2021-02-26,Kuala Lumpur,-30.370000000000005,,-51.81
2021-02-27,Kuala Lumpur,-31.709999999999997,,-50.07
2021-02-28,Kuala Lumpur,-35.45,,-55.23
2021-03-01,Kuala Lumpur,-39.34,,-57.78
2021-03-02,Kuala Lumpur,-39.05,,-56.4
2021-03-03,Kuala Lumpur,-37.69,,-59.06
2021-03-04,Kuala Lumpur,-30.090000000000003,,-53.65
2021-03-05,Kuala Lumpur,-15.349999999999994,,-42.48
2021-03-06,Kuala Lumpur,-17.230000000000004,,-38.22
2021-03-07,Kuala Lumpur,-26.06,,-48.62
2021-03-08,Kuala Lumpur,-29.65000000000001,,-51.89
2021-03-09,Kuala Lumpur,-32.14,,-51.18
2021-03-10,Kuala Lumpur,-28.989999999999995,,-51.64
2021-03-11,Kuala Lumpur,-25.77,,-50.5
2021-03-13,Kuala Lumpur,-14.78,,-37.29
2021-03-14,Kuala Lumpur,-25.69,,-49.24
2021-03-15,Kuala Lumpur,-31.989999999999995,,-51.16
2021-03-16,Kuala Lumpur,-31.290000000000006,,-52.26
2021-03-17,Kuala Lumpur,-30.06,,-49.8
2021-03-18,Kuala Lumpur,-25.3,,-47.12
2021-03-19,Kuala Lumpur,-10.86,,-36.62
2021-03-20,Kuala Lumpur,-9.939999999999998,,-34.03
2021-03-21,Kuala Lumpur,-24.65000000000001,,-47.19
2021-03-22,Kuala Lumpur,-30.700000000000003,,-52.28
2021-03-23,Kuala Lumpur,-30.15000000000001,,-52.67
2021-03-24,Kuala Lumpur,-28.47,,-50.5
2021-03-25,Kuala Lumpur,-22.77,,-45.67
2021-03-26,Kuala Lumpur,-4.310000000000002,,-34.11
2021-03-27,Kuala Lumpur,-5.849999999999994,,-30.53
2021-03-28,Kuala Lumpur,-19.239999999999995,,-39.92
2021-03-29,Kuala Lumpur,-24.56,,-42.91
2021-03-30,Kuala Lumpur,-23.31,,-46.04
2021-03-31,Kuala Lumpur,-19.090000000000003,,-43.51
2021-04-01,Kuala Lumpur,-16.150000000000006,,-40.88
2021-04-02,Kuala Lumpur,2.5,,-26.25
2021-04-03,Kuala Lumpur,-0.730000000000004,,-26.89
2021-04-04,Kuala Lumpur,-15.97,,-42.46
2021-04-05,Kuala Lumpur,-26.02,,-50.81
2021-04-06,Kuala Lumpur,-22.510000000000005,,-44.81
2021-04-07,Kuala Lumpur,-19.480000000000004,,-45.25
2021-04-08,Kuala Lumpur,-14.870000000000005,,-41.29
2021-04-09,Kuala Lumpur,8.549999999999997,,-21.05
2021-04-10,Kuala Lumpur,5.769999999999996,,-20.78
2021-04-11,Kuala Lumpur,-11.760000000000003,,-38.21
2021-04-12,Kuala Lumpur,-27.540000000000006,,-51.57
2021-04-13,Kuala Lumpur,-32.8,,-55.87
2021-04-14,Kuala Lumpur,-31.629999999999995,,-54.98
2021-04-15,Kuala Lumpur,-29.319999999999997,,-55.25
2021-04-16,Kuala Lumpur,-21.44,,-46.27
2021-04-17,Kuala Lumpur,-25.33,,-43.55
2021-04-18,Kuala Lumpur,-29.680000000000007,,-51.08
2021-04-19,Kuala Lumpur,-33.16,,-57.52
2021-04-20,Kuala Lumpur,-32.17,,-56.65
2021-04-21,Kuala Lumpur,-32.66,,-54.91
2021-04-22,Kuala Lumpur,-29.5,,-54.64
2021-04-23,Kuala Lumpur,-17.400000000000006,,-41.49
2021-04-24,Kuala Lumpur,-17.519999999999996,,-40.89
2021-04-25,Kuala Lumpur,-27.319999999999997,,-48.64
2021-04-26,Kuala Lumpur,-30.480000000000004,,-55.33
2021-04-27,Kuala Lumpur,-30.319999999999997,,-56.49
2021-04-28,Kuala Lumpur,-23.75,,-48.6
2021-04-29,Kuala Lumpur,-23.849999999999994,,-49.19
2021-04-30,Kuala Lumpur,-14.129999999999995,,-39.36
2021-05-01,Kuala Lumpur,-16.769999999999996,,-39.15
2021-05-02,Kuala Lumpur,-24.950000000000003,,-48.42
2021-05-03,Kuala Lumpur,-28.47,,-52.75
2021-05-04,Kuala Lumpur,-20.27,,-51.41
2021-05-05,Kuala Lumpur,-13.450000000000005,,-49.12
2021-05-06,Kuala Lumpur,-34.5,,-58.49
2021-05-07,Kuala Lumpur,-35.56,,-59.21
2021-05-08,Kuala Lumpur,-38.08,,-55.83
2021-05-09,Kuala Lumpur,-36.53,,-57.06
2021-05-10,Kuala Lumpur,-36.1,,-60.4
2021-05-11,Kuala Lumpur,-36.27,,-57.06
2021-05-12,Kuala Lumpur,-44.78,,-61.17
2021-05-13,Kuala Lumpur,-61.26,,-73.53999999999999
2021-05-14,Kuala Lumpur,-52.98,,-65.96000000000001
2021-05-15,Kuala Lumpur,-54.46,,-65.24000000000001
2021-05-16,Kuala Lumpur,-47.78,,-62.52
2021-05-17,Kuala Lumpur,-46.15,,-62.28
2021-05-18,Kuala Lumpur,-45.26,,-62.13
2021-05-19,Kuala Lumpur,-45.3,,-60.97
2021-05-20,Kuala Lumpur,-44.59,,-61.62
2021-05-21,Kuala Lumpur,-46.92,,-64.37
2021-05-22,Kuala Lumpur,-52.73,,-64.82
2021-05-23,Kuala Lumpur,-50.48,,-65.03
2021-05-24,Kuala Lumpur,-49.75,,-64.37
2021-05-25,Kuala Lumpur,-54.17,,-66.97
2021-05-26,Kuala Lumpur,-52.74,,-65.97999999999999
2021-05-27,Kuala Lumpur,-47.82,,-63.34
2021-05-28,Kuala Lumpur,-46.88,,-61.51
2021-05-29,Kuala Lumpur,-51.15,,-63.54
2021-05-30,Kuala Lumpur,-42.83,,-59.93
2021-05-31,Kuala Lumpur,-50.48,,-63.11
2021-06-01,Kuala Lumpur,-58.59,,-68.95
2021-06-02,Kuala Lumpur,-57.57,,-67.9
2021-06-03,Kuala Lumpur,-55.95,,-66.55
2021-06-04,Kuala Lumpur,-54.35,,-64.56
2021-06-05,Kuala Lumpur,-58.28,,-66.09
2021-06-06,Kuala Lumpur,-59.83,,-66.28999999999999
2021-06-07,Kuala Lumpur,-55.89,,-64.18
2021-06-08,Kuala Lumpur,-54.19,,-64.06
2021-06-09,Kuala Lumpur,-55.41,,-64.45
2021-06-10,Kuala Lumpur,-54.58,,-67.12
2021-06-11,Kuala Lumpur,-51.27,,-61.6
2021-06-12,Kuala Lumpur,-52.68,,-62.64
2021-06-13,Kuala Lumpur,-52.76,,-62.38
2021-06-14,Kuala Lumpur,-52.62,,-62.55
2021-06-15,Kuala Lumpur,-52.38,,-63.68
2021-06-16,Kuala Lumpur,-51.98,,-64.67
2021-06-17,Kuala Lumpur,-52.75,,-64.84
2021-06-18,Kuala Lumpur,-50.79,,-65.05
2021-06-19,Kuala Lumpur,-51.58,,-64.96000000000001
2021-06-20,Kuala Lumpur,-52.35,,-64.35
2021-06-21,Kuala Lumpur,-54.81,,-65.88
2021-06-22,Kuala Lumpur,-53.76,,-65.17
2021-06-23,Kuala Lumpur,-52.85,,-66.63
2021-06-24,Kuala Lumpur,-52.04,,-63.0
2021-06-25,Kuala Lumpur,-49.13,,-62.56
2021-06-26,Kuala Lumpur,-53.72,,-66.18
2021-06-27,Kuala Lumpur,-54.72,,-65.97999999999999
2021-06-28,Kuala Lumpur,-52.27,,-65.56
2021-06-29,Kuala Lumpur,-50.26,,-65.11
2021-06-30,Kuala Lumpur,-48.6,,-62.42
2021-07-01,Kuala Lumpur,-42.14,,-58.79
2021-07-02,Kuala Lumpur,-45.64,,-61.54
2021-07-03,Kuala Lumpur,-56.02,,-69.22
2021-07-04,Kuala Lumpur,-53.82,,-64.94
2021-07-05,Kuala Lumpur,-52.39,,-66.21000000000001
2021-07-06,Kuala Lumpur,-53.29,,-66.75999999999999
2021-07-07,Kuala Lumpur,-51.36,,-65.18
2021-07-08,Kuala Lumpur,-48.81,,-64.71000000000001
2021-07-09,Kuala Lumpur,-48.47,,-63.97
2021-07-10,Kuala Lumpur,-52.43,,-67.89
2021-07-11,Kuala Lumpur,-50.05,,-62.77
2021-07-12,Kuala Lumpur,-49.23,,-63.75
2021-07-13,Kuala Lumpur,-48.92,,-61.76
2021-07-14,Kuala Lumpur,-48.29,,-61.94
2021-07-15,Kuala Lumpur,-47.59,,-62.72
2021-07-16,Kuala Lumpur,-42.25,,-59.71
2021-07-17,Kuala Lumpur,-45.12,,-62.13
2021-07-18,Kuala Lumpur,-41.29,,-58.62
2021-07-19,Kuala Lumpur,-42.85,,-62.21
2021-07-20,Kuala Lumpur,-51.84,,-64.24000000000001
2021-07-21,Kuala Lumpur,-47.36,,-61.74
2021-07-22,Kuala Lumpur,-43.5,,-61.41
2021-07-23,Kuala Lumpur,-45.29,,-59.96
2021-07-24,Kuala Lumpur,-48.87,,-59.39
2021-07-25,Kuala Lumpur,-45.65,,-60.86
2021-07-26,Kuala Lumpur,-47.57,,-60.02
2021-07-27,Kuala Lumpur,-45.15,,-62.28
2021-07-28,Kuala Lumpur,-42.48,,-58.68
2021-07-29,Kuala Lumpur,-39.32,,-59.09
2021-07-30,Kuala Lumpur,-36.02,,-54.93
2021-07-31,Kuala Lumpur,-41.49,,-59.26
2021-08-01,Kuala Lumpur,-43.82,,-58.69
2021-08-02,Kuala Lumpur,-44.86,,-60.77
2021-08-03,Kuala Lumpur,-44.2,,-60.09
2021-08-04,Kuala Lumpur,-44.07,,-58.65
2021-08-05,Kuala Lumpur,-41.63,,-59.4
2021-08-06,Kuala Lumpur,-42.97,,-59.86
2021-08-07,Kuala Lumpur,-47.95,,-61.99
2021-08-08,Kuala Lumpur,-45.42,,-59.62
2021-08-09,Kuala Lumpur,-48.85,,-62.65
2021-08-10,Kuala Lumpur,-46.19,,-61.24
2021-08-11,Kuala Lumpur,-47.54,,-64.59
2021-08-12,Kuala Lumpur,-44.82,,-60.73
2021-08-13,Kuala Lumpur,-42.51,,-57.93
2021-08-14,Kuala Lumpur,-47.03,,-61.03
2021-08-15,Kuala Lumpur,-47.04,,-62.71
2021-08-16,Kuala Lumpur,-47.2,,-62.25
2021-08-17,Kuala Lumpur,-47.82,,-62.62
2021-08-18,Kuala Lumpur,-41.89,,-57.36
2021-08-19,Kuala Lumpur,-38.46,,-56.96
2021-08-20,Kuala Lumpur,-35.349999999999994,,-55.39
2021-08-21,Kuala Lumpur,-43.12,,-58.2
2021-08-22,Kuala Lumpur,-45.93,,-62.73
2021-08-23,Kuala Lumpur,-47.1,,-59.31
2021-08-24,Kuala Lumpur,-44.94,,-57.14
2021-08-25,Kuala Lumpur,-44.65,,-60.29
2021-08-26,Kuala Lumpur,-43.35,,-60.1
2021-08-27,Kuala Lumpur,-38.09,,-56.96
2021-08-28,Kuala Lumpur,-41.73,,-58.26
2021-08-29,Kuala Lumpur,-40.56,,-58.0
2021-08-30,Kuala Lumpur,-40.0,,-57.85
2021-08-31,Kuala Lumpur,-39.43,,-56.81
2021-09-01,Kuala Lumpur,-40.21,,-58.24
2021-09-02,Kuala Lumpur,-37.83,,-56.17
2021-09-03,Kuala Lumpur,-32.06,,-52.56
2021-09-04,Kuala Lumpur,-34.42,,-52.55
2021-09-05,Kuala Lumpur,-36.89,,-57.8
2021-09-06,Kuala Lumpur,-36.85,,-55.52
2021-09-07,Kuala Lumpur,-37.76,,-58.49
2021-09-08,Kuala Lumpur,-37.4,,-56.33
2021-09-09,Kuala Lumpur,-31.480000000000004,,-54.15
2021-09-10,Kuala Lumpur,-17.180000000000007,,-44.55
2021-09-11,Kuala Lumpur,-15.980000000000004,,-40.25
2021-09-12,Kuala Lumpur,-25.840000000000003,,-48.28
2021-09-13,Kuala Lumpur,-29.040000000000006,,-48.49
2021-09-14,Kuala Lumpur,-28.0,,-50.48
2021-09-15,Kuala Lumpur,-20.569999999999997,,-42.79
2021-09-16,Kuala Lumpur,-21.260000000000005,,-45.81
2021-09-17,Kuala Lumpur,-20.89,,-45.87
2021-09-18,Kuala Lumpur,-20.590000000000003,,-41.86
2021-09-19,Kuala Lumpur,-28.27,,-51.96
2021-09-20,Kuala Lumpur,-23.349999999999994,,-43.7
2021-09-21,Kuala Lumpur,-14.489999999999997,,-33.68000000000001
2021-09-22,Kuala Lumpur,-18.31,,-41.03
2021-09-23,Kuala Lumpur,-17.150000000000006,,-43.8
2021-09-24,Kuala Lumpur,-4.920000000000002,,-37.56
2021-09-25,Kuala Lumpur,-6.359999999999999,,-35.349999999999994
2021-09-26,Kuala Lumpur,-19.680000000000007,,-45.69
2021-09-27,Kuala Lumpur,-24.05,,-49.4
2021-09-28,Kuala Lumpur,-23.480000000000004,,-50.47
2021-09-29,Kuala Lumpur,-22.44,,-47.17
2021-09-30,Kuala Lumpur,-18.319999999999997,,-43.62
2021-10-01,Kuala Lumpur,-5.439999999999998,,-35.31
2021-10-02,Kuala Lumpur,-0.7600000000000051,,-30.41
2021-10-03,Kuala Lumpur,-15.28,,-41.45
2021-10-04,Kuala Lumpur,-25.129999999999995,,-45.85
2021-10-05,Kuala Lumpur,-21.680000000000007,,-47.12
2021-10-06,Kuala Lumpur,-20.489999999999995,,-44.26
2021-10-07,Kuala Lumpur,-14.489999999999997,,-41.83
2021-10-08,Kuala Lumpur,2.6500000000000057,,-26.870000000000005
2021-10-09,Kuala Lumpur,2.6599999999999966,,-24.06
2021-10-10,Kuala Lumpur,-10.75,,-34.42
2021-10-11,Kuala Lumpur,-16.510000000000005,,-44.76
2021-10-12,Kuala Lumpur,-15.060000000000002,,-42.08
2021-10-13,Kuala Lumpur,-14.61,,-44.77
2021-10-14,Kuala Lumpur,-3.9599999999999937,,-36.51
2021-10-15,Kuala Lumpur,11.909999999999997,,-26.41
2021-10-16,Kuala Lumpur,6.700000000000003,,-24.28
2021-10-17,Kuala Lumpur,-8.980000000000004,,-35.849999999999994
2021-10-18,Kuala Lumpur,-4.980000000000004,,-33.69
2021-10-19,Kuala Lumpur,-11.310000000000002,,-43.85
2021-10-20,Kuala Lumpur,-13.349999999999994,,-44.0
2021-10-21,Kuala Lumpur,-11.840000000000003,,-43.02
2021-10-22,Kuala Lumpur,2.2099999999999937,,-33.06999999999999
2021-10-23,Kuala Lumpur,-1.1500000000000057,,-34.93000000000001
2021-10-24,Kuala Lumpur,-12.620000000000005,,-41.63
2021-10-25,Kuala Lumpur,-17.930000000000007,,-47.39
2021-10-26,Kuala Lumpur,-18.3,,-47.17
2021-10-27,Kuala Lumpur,-16.349999999999994,,-42.8
2021-10-28,Kuala Lumpur,-9.700000000000005,,-37.93
2021-10-29,Kuala Lumpur,12.659999999999997,,-24.44
2021-10-30,Kuala Lumpur,8.64,,-20.599999999999994
2021-10-31,Kuala Lumpur,-9.14,,-38.25
2021-11-01,Kuala Lumpur,-14.379999999999995,,-43.88
2021-11-02,Kuala Lumpur,-10.480000000000004,,-40.61
2021-11-03,Kuala Lumpur,5.689999999999998,,-24.290000000000006
2021-11-04,Kuala Lumpur,-0.269999999999996,,-27.819999999999997
2021-11-05,Kuala Lumpur,9.790000000000006,,-18.8
2021-11-06,Kuala Lumpur,8.299999999999997,,-18.41
2021-11-07,Kuala Lumpur,-6.379999999999996,,-36.52
2021-11-08,Kuala Lumpur,-16.319999999999993,,-44.41
2021-11-09,Kuala Lumpur,-14.819999999999991,,-42.22
2021-11-10,Kuala Lumpur,-13.879999999999995,,-41.87
2021-11-11,Kuala Lumpur,-7.640000000000001,,-36.42
2021-11-12,Kuala Lumpur,11.090000000000003,,-21.849999999999994
2021-11-13,Kuala Lumpur,8.219999999999999,,-18.56
2021-11-14,Kuala Lumpur,-8.989999999999995,,-38.03
2021-11-15,Kuala Lumpur,-19.209999999999997,,-40.08
2021-11-16,Kuala Lumpur,-18.66,,-42.49
2021-11-17,Kuala Lumpur,-18.349999999999994,,-43.09
2021-11-18,Kuala Lumpur,-12.829999999999998,,-35.61
2021-11-19,Kuala Lumpur,8.86,,-23.180000000000007
2021-11-20,Kuala Lumpur,9.22,,-21.680000000000007
2021-11-21,Kuala Lumpur,-8.599999999999994,,-34.39
2021-11-22,Kuala Lumpur,-18.52,,-42.57
2021-11-23,Kuala Lumpur,-16.03,,-41.23
2021-11-24,Kuala Lumpur,-13.959999999999994,,-38.31
2021-11-25,Kuala Lumpur,-7.790000000000006,,-35.52
2021-11-26,Kuala Lumpur,15.930000000000009,,-17.340000000000003
2021-11-27,Kuala Lumpur,12.700000000000005,,-14.989999999999997
2021-11-28,Kuala Lumpur,-7.159999999999997,,-34.92
2021-11-29,Kuala Lumpur,-15.489999999999997,,-40.01
2021-11-30,Kuala Lumpur,-15.329999999999998,,-42.08
2021-12-01,Kuala Lumpur,-12.400000000000006,,-38.48
2021-12-02,Kuala Lumpur,-4.739999999999995,,-29.53
2021-12-03,Kuala Lumpur,16.319999999999993,,-14.689999999999998
2021-12-04,Kuala Lumpur,18.5,,-6.609999999999999
2020-01-13,Total,0.0,,0.0
2020-01-14,Total,-1.8900000000000008,,-2.5400000000000063
2020-01-15,Total,3.3599999999999994,,0.3499999999999943
2020-01-16,Total,11.319999999999991,,10.03
2020-01-17,Total,37.03999999999999,,30.19
2020-01-18,Total,30.97999999999999,,25.64
2020-01-19,Total,9.689999999999998,,4.909999999999997
2020-01-20,Total,3.569999999999993,,3.769999999999996
2020-01-21,Total,7.760000000000005,,4.650000000000006
2020-01-22,Total,23.77,,11.72
2020-01-23,Total,39.44,,19.97
2020-01-24,Total,70.25999999999999,,37.00999999999999
2020-01-25,Total,72.1,,55.33000000000001
2020-01-26,Total,70.46000000000001,,43.06999999999999
2020-01-27,Total,61.85,,27.42
2020-01-28,Total,24.739999999999995,,6.25
2020-01-29,Total,14.840000000000003,,8.200000000000003
2020-01-30,Total,11.400000000000006,,0.5400000000000063
2020-01-31,Total,36.50999999999999,,6.829999999999998
2020-02-01,Total,34.75,,9.200000000000005
2020-02-02,Total,13.170000000000002,,-7.109999999999999
2020-02-03,Total,0.5,,-14.36
2020-02-04,Total,-2.6299999999999955,,-15.799999999999995
2020-02-05,Total,1.2900000000000065,,-15.019999999999996
2020-02-06,Total,10.540000000000006,,-3.0900000000000034
2020-02-07,Total,42.97,,12.090000000000003
2020-02-08,Total,33.99000000000001,,12.14
2020-02-09,Total,10.099999999999994,,-10.260000000000003
2020-02-10,Total,-2.200000000000003,,-16.0
2020-02-11,Total,-3.3799999999999955,,-16.730000000000004
2020-02-12,Total,-0.9200000000000016,,-15.25
2020-02-13,Total,9.939999999999998,,-6.670000000000002
2020-02-14,Total,45.370000000000005,,16.58
2020-02-15,Total,31.389999999999983,,6.730000000000004
2020-02-16,Total,5.769999999999996,,-15.810000000000002
2020-02-17,Total,-5.230000000000004,,-23.15000000000001
2020-02-18,Total,-5.769999999999996,,-21.3
2020-02-19,Total,-2.1200000000000045,,-19.91
2020-02-20,Total,6.760000000000005,,-16.519999999999996
2020-02-21,Total,43.06999999999999,,5.239999999999995
2020-02-22,Total,33.91,,7.950000000000003
2020-02-23,Total,5.469999999999999,,-17.060000000000002
2020-02-24,Total,-6.3700000000000045,,-24.72
2020-02-25,Total,-5.420000000000002,,-27.450000000000003
2020-02-26,Total,-3.950000000000003,,-24.760000000000005
2020-02-27,Total,5.900000000000006,,-15.569999999999991
2020-02-28,Total,40.85,,6.8700000000000045
2020-02-29,Total,36.5,,6.840000000000003
2020-03-01,Total,10.0,,-16.0
2020-03-02,Total,-5.3700000000000045,,-26.379999999999995
2020-03-03,Total,-4.329999999999998,,-26.41
2020-03-04,Total,-4.390000000000001,,-26.42
2020-03-05,Total,5.950000000000003,,-22.930000000000007
2020-03-06,Total,36.30000000000001,,-2.390000000000001
2020-03-07,Total,29.710000000000008,,-4.239999999999995
2020-03-08,Total,6.379999999999996,,-24.819999999999997
2020-03-09,Total,-9.299999999999995,,-31.620000000000005
2020-03-10,Total,-8.75,,-35.349999999999994
2020-03-11,Total,-10.5,,-34.06999999999999
2020-03-12,Total,-0.9399999999999976,,-29.8
2020-03-13,Total,34.25,,-8.519999999999996
2020-03-14,Total,29.680000000000007,,-14.980000000000004
2020-03-15,Total,4.700000000000003,,-33.0
2020-03-16,Total,-13.540000000000006,,-44.57
2020-03-17,Total,-9.079999999999998,,-54.36
2020-03-18,Total,-46.41,,-66.16
2020-03-19,Total,-57.09,,-70.65
2020-03-20,Total,-61.03,,-73.33
2020-03-21,Total,-69.43,,-77.91
2020-03-22,Total,-70.24,,-79.66
2020-03-23,Total,-68.78999999999999,,-77.61
2020-03-24,Total,-66.28999999999999,,-77.2
2020-03-25,Total,-63.07,,-74.24
2020-03-26,Total,-61.92,,-73.12
2020-03-27,Total,-62.66,,-72.96000000000001
2020-03-28,Total,-63.01,,-72.98
2020-03-29,Total,-61.11,,-72.95
2020-03-30,Total,-60.21,,-72.85
2020-03-31,Total,-59.87,,-71.39
2020-04-01,Total,-56.58,,-68.92
2020-04-02,Total,-58.21,,-69.2
2020-04-03,Total,-59.18,,-70.38
2020-04-04,Total,-60.42,,-70.12
2020-04-05,Total,-57.15,,-67.92
2020-04-06,Total,-56.08,,-67.56
2020-04-07,Total,-55.22,,-66.31
2020-04-08,Total,-55.72,,-65.61
2020-04-09,Total,-54.69,,-65.74000000000001
2020-04-10,Total,-52.49,,-63.95
2020-04-11,Total,-52.81,,-63.42
2020-04-12,Total,-51.24,,-63.82
2020-04-13,Total,-50.07,,-61.44
2020-04-14,Total,-48.8,,-60.94
2020-04-15,Total,-48.86,,-59.82
2020-04-16,Total,-48.74,,-62.5
2020-04-17,Total,-50.44,,-62.06
2020-04-18,Total,-54.39,,-65.0
2020-04-19,Total,-53.23,,-64.13
2020-04-20,Total,-52.15,,-64.91
2020-04-21,Total,-50.34,,-62.82
2020-04-22,Total,-50.27,,-61.79
2020-04-23,Total,-57.77,,-69.11
2020-04-24,Total,-51.26,,-61.67
2020-04-25,Total,-48.34,,-56.09
2020-04-26,Total,-44.94,,-56.56
2020-04-27,Total,-44.8,,-55.72
2020-04-28,Total,-43.87,,-56.28
2020-04-29,Total,-42.88,,-54.13
2020-04-30,Total,-44.36,,-58.31
2020-05-01,Total,-43.15,,-54.27
2020-05-02,Total,-45.64,,-58.17
2020-05-03,Total,-40.59,,-55.05
2020-05-04,Total,-38.7,,-56.02
2020-05-05,Total,-36.9,,-54.65
2020-05-06,Total,-33.19,,-56.24
2020-05-07,Total,-31.200000000000003,,-52.03
2020-05-08,Total,-28.52,,-52.55
2020-05-09,Total,-24.89,,-48.3
2020-05-10,Total,-29.17,,-51.51
2020-05-13,Total,-25.239999999999995,,-48.9
2020-05-14,Total,-22.55,,-46.89
2020-05-15,Total,-16.569999999999993,,-41.12
2020-05-16,Total,-18.319999999999997,,-46.94
2020-05-17,Total,-18.89,,-45.81
2020-05-18,Total,-17.400000000000006,,-43.35
2020-05-19,Total,-13.230000000000004,,-41.64
2020-05-20,Total,-9.489999999999997,,-40.24
2020-05-21,Total,-4.609999999999999,,-37.4
2020-05-22,Total,-5.900000000000006,,-33.629999999999995
2020-05-23,Total,-14.319999999999991,,-43.5
2020-05-24,Total,-31.239999999999995,,-58.57
2020-05-25,Total,-26.230000000000004,,-54.63
2020-05-26,Total,-24.730000000000004,,-51.63
2020-05-27,Total,-24.290000000000006,,-49.08
2020-05-28,Total,-25.760000000000005,,-51.64
2020-05-29,Total,-15.72,,-44.37
2020-05-30,Total,-14.920000000000002,,-42.64
2020-05-31,Total,-17.03,,-45.18
2020-06-01,Total,-15.39,,-44.53
2020-06-02,Total,-13.61,,-42.17
2020-06-03,Total,-13.409999999999997,,-43.83
2020-06-04,Total,-8.019999999999996,,-40.8
2020-06-05,Total,-1.5100000000000051,,-36.89
2020-06-06,Total,-1.75,,-36.85
2020-06-07,Total,-2.0999999999999943,,-36.82
2020-06-08,Total,-4.359999999999999,,-40.02
2020-06-09,Total,-0.519999999999996,,-37.74
2020-06-10,Total,5.780000000000001,,-35.230000000000004
2020-06-11,Total,10.019999999999996,,-35.27
2020-06-12,Total,24.239999999999995,,-27.36
2020-06-13,Total,24.19,,-26.75
2020-06-14,Total,16.620000000000005,,-29.370000000000005
2020-06-15,Total,9.620000000000005,,-32.61
2020-06-16,Total,11.870000000000005,,-30.230000000000004
2020-06-17,Total,13.230000000000004,,-32.61
2020-06-18,Total,19.75,,-28.959999999999997
2020-06-19,Total,36.13999999999999,,-21.3
2020-06-20,Total,35.900000000000006,,-19.64
2020-06-21,Total,23.090000000000003,,-24.40000000000001
2020-06-22,Total,14.340000000000003,,-28.010000000000005
2020-06-23,Total,12.14,,-30.319999999999997
2020-06-24,Total,11.939999999999998,,-30.52
2020-06-25,Total,23.52,,-24.86
2020-06-26,Total,44.5,,-12.060000000000002
2020-06-27,Total,43.55000000000001,,-10.159999999999997
2020-06-28,Total,25.200000000000003,,-23.61
2020-06-29,Total,15.560000000000002,,-26.819999999999997
2020-06-30,Total,15.36,,-26.430000000000007
2020-07-01,Total,16.379999999999995,,-23.25
2020-07-02,Total,27.41,,-18.77
2020-07-03,Total,57.28,,-1.1400000000000006
2020-07-04,Total,55.27000000000001,,2.9000000000000057
2020-07-05,Total,30.19999999999999,,-18.72
2020-07-06,Total,16.090000000000003,,-25.349999999999994
2020-07-07,Total,16.590000000000003,,-24.480000000000004
2020-07-08,Total,20.200000000000003,,-21.840000000000003
2020-07-09,Total,29.94999999999999,,-15.989999999999997
2020-07-10,Total,112.27,,30.91
2020-07-11,Total,61.50999999999999,,6.969999999999999
2020-07-12,Total,35.53999999999999,,-13.450000000000005
2020-07-13,Total,15.519999999999996,,-23.08
2020-07-14,Total,26.15000000000001,,-18.72
2020-07-15,Total,23.819999999999997,,-19.97
2020-07-16,Total,26.86,,-17.209999999999994
2020-07-17,Total,52.13999999999999,,-3.239999999999995
2020-07-18,Total,46.22999999999999,,-5.819999999999993
2020-07-19,Total,24.090000000000003,,-19.31
2020-07-20,Total,11.450000000000005,,-25.629999999999995
2020-07-21,Total,9.349999999999994,,-27.72
2020-07-22,Total,10.790000000000006,,-27.53
2020-07-23,Total,22.930000000000007,,-20.790000000000006
2020-07-24,Total,56.69,,2.0900000000000034
2020-07-25,Total,50.63999999999999,,1.2199999999999989
2020-07-26,Total,23.25,,-17.689999999999998
2020-07-27,Total,13.319999999999991,,-25.42
2020-07-28,Total,23.230000000000004,,-26.53
2020-07-29,Total,51.75999999999999,,-14.290000000000006
2020-07-30,Total,44.19999999999999,,-16.849999999999994
2020-07-31,Total,45.99000000000001,,-9.349999999999994
2020-08-01,Total,68.44,,-3.5600000000000023
2020-08-02,Total,68.28,,-14.28
2020-08-03,Total,28.289999999999992,,-21.42
2020-08-04,Total,19.15000000000001,,-24.53
2020-08-05,Total,17.909999999999997,,-23.08
2020-08-06,Total,27.11,,-16.67
2020-08-07,Total,54.27000000000001,,1.5799999999999983
2020-08-08,Total,52.05000000000001,,2.569999999999993
2020-08-09,Total,26.53,,-17.239999999999995
2020-08-10,Total,10.11,,-30.099999999999994
2020-08-11,Total,9.579999999999998,,-28.090000000000003
2020-08-12,Total,10.599999999999994,,-27.27
2020-08-13,Total,18.989999999999995,,-21.41
2020-08-14,Total,44.27000000000001,,-3.989999999999995
2020-08-15,Total,40.81999999999999,,-4.969999999999999
2020-08-16,Total,17.67,,-21.489999999999995
2020-08-17,Total,8.150000000000006,,-27.200000000000003
2020-08-18,Total,11.409999999999997,,-28.069999999999997
2020-08-19,Total,40.33000000000001,,-10.349999999999994
2020-08-20,Total,43.650000000000006,,0.8799999999999955
2020-08-21,Total,55.77000000000001,,5.510000000000005
2020-08-22,Total,53.85,,1.8799999999999957
2020-08-23,Total,28.460000000000008,,-17.25
2020-08-24,Total,11.299999999999995,,-27.319999999999997
2020-08-25,Total,10.510000000000003,,-31.120000000000005
2020-08-26,Total,13.310000000000002,,-27.290000000000006
2020-08-27,Total,28.639999999999983,,-19.709999999999997
2020-08-28,Total,74.94,,9.5
2020-08-29,Total,83.72,,24.0
2020-08-30,Total,82.66999999999999,,18.22
2020-08-31,Total,39.88,,-15.829999999999998
2020-09-01,Total,11.849999999999994,,-25.840000000000003
2020-09-02,Total,14.22,,-22.709999999999997
2020-09-03,Total,20.790000000000006,,-19.69
2020-09-04,Total,51.77000000000001,,1.6899999999999975
2020-09-05,Total,45.28999999999999,,5.159999999999997
2020-09-06,Total,18.629999999999995,,-19.61
2020-09-07,Total,7.159999999999997,,-24.58
2020-09-08,Total,5.140000000000001,,-26.510000000000005
2020-09-09,Total,6.0,,-28.099999999999994
2020-09-10,Total,19.86,,-19.39
2020-09-11,Total,44.16999999999999,,0.9000000000000057
2020-09-12,Total,38.83000000000001,,-0.3700000000000045
2020-09-13,Total,15.959999999999994,,-18.39
2020-09-14,Total,6.280000000000001,,-25.55
2020-09-15,Total,35.150000000000006,,-6.079999999999998
2020-09-16,Total,21.069999999999997,,-12.200000000000005
2020-09-17,Total,24.760000000000005,,-5.329999999999998
2020-09-18,Total,45.96000000000001,,6.780000000000001
2020-09-19,Total,36.94999999999999,,2.269999999999996
2020-09-20,Total,13.579999999999998,,-17.209999999999994
2020-09-21,Total,0.3299999999999983,,-25.86
2020-09-22,Total,0.5300000000000011,,-28.05
2020-09-23,Total,9.89,,-23.25
2020-09-24,Total,17.790000000000006,,-12.790000000000006
2020-09-25,Total,46.84,,2.390000000000001
2020-09-26,Total,38.22,,0.4000000000000057
2020-09-27,Total,11.629999999999995,,-20.39
2020-09-28,Total,-2.0400000000000063,,-26.67
2020-09-29,Total,-1.3299999999999983,,-27.450000000000003
2020-09-30,Total,2.530000000000001,,-25.459999999999997
2020-10-01,Total,9.920000000000002,,-26.790000000000006
2020-10-02,Total,29.40000000000001,,-10.260000000000003
2020-10-03,Total,19.680000000000007,,-13.930000000000009
2020-10-04,Total,-2.019999999999996,,-31.81
2020-10-05,Total,-11.909999999999997,,-33.97
2020-10-06,Total,-14.329999999999998,,-35.18000000000001
2020-10-07,Total,-10.810000000000002,,-34.459999999999994
2020-10-08,Total,0.25,,-29.75
2020-10-09,Total,21.22,,-15.730000000000004
2020-10-10,Total,11.97,,-18.16
2020-10-11,Total,-6.569999999999993,,-33.0
2020-10-12,Total,-12.739999999999997,,-39.01
2020-10-13,Total,-15.590000000000003,,-42.03
2020-10-14,Total,-26.33,,-47.68
2020-10-15,Total,-22.42,,-42.06
2020-10-16,Total,-11.319999999999991,,-35.81
2020-10-17,Total,-17.650000000000006,,-37.06
2020-10-18,Total,-25.40000000000001,,-45.14
2020-10-19,Total,-29.950000000000003,,-48.53
2020-10-20,Total,-29.77,,-46.45
2020-10-21,Total,-30.599999999999994,,-48.24
2020-10-22,Total,-26.090000000000003,,-44.91
2020-10-23,Total,-13.930000000000009,,-38.47
2020-10-24,Total,-20.64,,-40.86
2020-10-25,Total,-28.730000000000004,,-43.83
2020-10-26,Total,-28.53,,-46.01
2020-10-27,Total,-26.78,,-43.99
2020-10-28,Total,-15.329999999999998,,-38.32
2020-10-29,Total,-12.14,,-34.42
2020-10-30,Total,-4.239999999999995,,-32.209999999999994
2020-10-31,Total,-12.159999999999997,,-35.03
2020-11-01,Total,-21.39,,-40.92
2020-11-02,Total,-28.129999999999995,,-45.9
2020-11-03,Total,-26.540000000000006,,-42.15
2020-11-04,Total,-28.349999999999994,,-46.82
2020-11-05,Total,-20.340000000000003,,-40.66
2020-11-06,Total,-10.670000000000002,,-30.56
2020-11-07,Total,-11.209999999999994,,-33.77
2020-11-08,Total,-23.099999999999994,,-41.12
2020-11-09,Total,-35.41,,-48.39
2020-11-10,Total,-32.64,,-46.77
2020-11-11,Total,-32.81999999999999,,-46.99
2020-11-12,Total,-30.989999999999995,,-44.77
2020-11-13,Total,-25.090000000000003,,-40.72
2020-11-14,Total,-26.72,,-41.34
2020-11-15,Total,-29.75,,-42.67
2020-11-16,Total,-32.230000000000004,,-44.06
2020-11-17,Total,-32.64,,-46.9
2020-11-18,Total,-29.39,,-42.72
2020-11-19,Total,-30.040000000000006,,-42.91
2020-11-20,Total,-23.099999999999994,,-39.37
2020-11-21,Total,-23.200000000000003,,-39.2
2020-11-22,Total,-29.510000000000005,,-41.98
2020-11-23,Total,-31.3,,-44.15
2020-11-24,Total,-31.090000000000003,,-44.48
2020-11-25,Total,-27.94,,-41.81
2020-11-26,Total,-26.02,,-42.72
2020-11-27,Total,-15.269999999999996,,-33.95
2020-11-28,Total,-16.620000000000005,,-34.61
2020-11-29,Total,-22.66,,-39.05
2020-11-30,Total,-26.980000000000004,,-42.18
2020-12-01,Total,-24.31,,-40.78
2020-12-02,Total,-23.879999999999995,,-40.91
2020-12-03,Total,-22.56,,-39.72
2020-12-04,Total,-11.819999999999991,,-30.340000000000003
2020-12-05,Total,-11.870000000000005,,-31.239999999999995
2020-12-06,Total,-14.659999999999997,,-33.480000000000004
2020-12-07,Total,-15.310000000000002,,-34.72
2020-12-08,Total,-14.209999999999994,,-35.58
2020-12-09,Total,-11.340000000000003,,-34.650000000000006
2020-12-10,Total,-1.2399999999999949,,-27.81
2020-12-11,Total,15.239999999999997,,-14.319999999999991
2020-12-12,Total,7.620000000000003,,-16.739999999999995
2020-12-13,Total,-1.6099999999999994,,-27.010000000000005
2020-12-14,Total,-8.079999999999998,,-28.349999999999994
2020-12-15,Total,-9.420000000000002,,-31.260000000000005
2020-12-16,Total,-6.799999999999997,,-28.459999999999997
2020-12-17,Total,-0.6099999999999994,,-24.989999999999995
2020-12-18,Total,18.840000000000003,,-14.209999999999994
2020-12-19,Total,18.89,,-11.11
2020-12-20,Total,3.019999999999996,,-22.450000000000003
2020-12-21,Total,-4.930000000000007,,-25.65000000000001
2020-12-22,Total,-1.4000000000000057,,-22.760000000000005
2020-12-23,Total,6.560000000000002,,-20.180000000000007
2020-12-24,Total,26.67,,-10.620000000000005
2020-12-25,Total,34.21000000000001,,-3.870000000000005
2020-12-26,Total,25.28,,-10.150000000000006
2020-12-27,Total,16.319999999999993,,-18.540000000000006
2020-12-28,Total,3.9399999999999977,,-20.47
2020-12-29,Total,7.189999999999998,,-18.120000000000005
2020-12-30,Total,15.560000000000002,,-13.170000000000002
2020-12-31,Total,39.78,,5.579999999999998
2021-01-01,Total,37.03999999999999,,2.5600000000000023
2021-01-02,Total,25.120000000000005,,-11.930000000000009
2021-01-03,Total,9.64,,-22.28
2021-01-04,Total,-3.450000000000003,,-27.010000000000005
2021-01-05,Total,-4.239999999999995,,-30.33
2021-01-06,Total,-4.890000000000001,,-27.91
2021-01-07,Total,-1.9699999999999989,,-26.569999999999997
2021-01-08,Total,17.08,,-14.879999999999995
2021-01-09,Total,15.650000000000006,,-14.950000000000005
2021-01-10,Total,-2.3100000000000023,,-25.78
2021-01-11,Total,0.4200000000000017,,-26.0
2021-01-12,Total,-10.459999999999994,,-35.56
2021-01-13,Total,-39.6,,-45.3
2021-01-14,Total,-39.3,,-49.74
2021-01-15,Total,-33.629999999999995,,-45.82
2021-01-16,Total,-37.8,,-47.64
2021-01-17,Total,-37.36,,-47.24
2021-01-18,Total,-37.89,,-48.15
2021-01-19,Total,-21.239999999999995,,-34.2
2021-01-20,Total,-30.11,,-40.6
2021-01-21,Total,-37.42,,-48.9
2021-01-22,Total,-36.38,,-46.37
2021-01-23,Total,-39.57,,-47.37
2021-01-24,Total,-38.66,,-45.59
2021-01-25,Total,-35.36,,-46.38
2021-01-26,Total,-36.43,,-44.28
2021-01-27,Total,-34.849999999999994,,-44.62
2021-01-28,Total,-35.099999999999994,,-44.56
2021-01-29,Total,-30.489999999999995,,-39.19
2021-01-30,Total,-33.81999999999999,,-43.9
2021-01-31,Total,-34.790000000000006,,-44.72
2021-02-01,Total,-33.989999999999995,,-43.53
2021-02-02,Total,-32.28,,-42.49
2021-02-03,Total,-29.64,,-40.51
2021-02-04,Total,-28.069999999999997,,-39.45
2021-02-05,Total,-20.78,,-36.22
2021-02-06,Total,-25.370000000000005,,-35.739999999999995
2021-02-07,Total,-24.760000000000005,,-33.510000000000005
2021-02-08,Total,-24.36,,-39.19
2021-02-09,Total,-21.67,,-34.68000000000001
2021-02-10,Total,-20.92,,-34.78
2021-02-11,Total,-28.40000000000001,,-42.09
2021-02-12,Total,-27.40000000000001,,-39.55
2021-02-13,Total,-25.379999999999995,,-39.88
2021-02-14,Total,-25.120000000000005,,-37.52
2021-02-15,Total,-29.19,,-40.97
2021-02-16,Total,-29.340000000000003,,-42.23
2021-02-17,Total,-25.89,,-39.8
2021-02-18,Total,-16.58,,-35.42
2021-02-19,Total,-17.86,,-32.68000000000001
2021-02-20,Total,-19.03,,-32.03
2021-02-21,Total,-23.700000000000003,,-36.12
2021-02-22,Total,-24.58,,-38.94
2021-02-23,Total,-23.930000000000007,,-38.66
2021-02-24,Total,-23.39,,-38.79
2021-02-25,Total,-17.099999999999994,,-35.540000000000006
2021-02-26,Total,-8.629999999999995,,-26.590000000000003
2021-02-27,Total,-8.340000000000003,,-22.5
2021-02-28,Total,-14.409999999999997,,-31.06
2021-03-01,Total,-20.590000000000003,,-36.74
2021-03-02,Total,-21.31,,-34.540000000000006
2021-03-03,Total,-19.78,,-35.47
2021-03-04,Total,-9.900000000000006,,-30.58
2021-03-05,Total,10.129999999999995,,-14.53
2021-03-06,Total,8.099999999999994,,-11.650000000000006
2021-03-07,Total,-4.900000000000006,,-22.989999999999995
2021-03-08,Total,-11.75,,-27.14
2021-03-09,Total,-12.120000000000005,,-26.930000000000007
2021-03-10,Total,-9.819999999999991,,-29.069999999999997
2021-03-11,Total,-4.040000000000006,,-25.36
2021-03-13,Total,10.989999999999997,,-9.730000000000004
2021-03-14,Total,-3.069999999999993,,-19.65000000000001
2021-03-15,Total,-11.049999999999995,,-27.959999999999997
2021-03-16,Total,-10.489999999999997,,-28.730000000000004
2021-03-17,Total,-8.5,,-24.950000000000003
2021-03-18,Total,0.7900000000000063,,-22.36
2021-03-19,Total,20.099999999999994,,-6.629999999999996
2021-03-20,Total,19.069999999999997,,-5.930000000000007
2021-03-21,Total,-1.8900000000000008,,-21.849999999999994
2021-03-22,Total,-5.840000000000003,,-25.06
2021-03-23,Total,-7.530000000000001,,-28.81
2021-03-24,Total,-8.569999999999993,,-26.379999999999995
2021-03-25,Total,3.25,,-20.86
2021-03-26,Total,27.75,,-3.1500000000000057
2021-03-27,Total,24.879999999999995,,-2.1299999999999955
2021-03-28,Total,4.640000000000001,,-15.64
2021-03-29,Total,-2.319999999999993,,-21.510000000000005
2021-03-30,Total,-1.0300000000000011,,-22.5
2021-03-31,Total,3.629999999999996,,-19.3
2021-04-01,Total,10.909999999999997,,-14.86
2021-04-02,Total,33.43000000000001,,2.8599999999999994
2021-04-03,Total,27.77,,1.269999999999996
2021-04-04,Total,4.010000000000005,,-19.05
2021-04-05,Total,-5.859999999999999,,-27.05
2021-04-06,Total,-4.25,,-23.709999999999997
2021-04-07,Total,-0.4399999999999977,,-21.52
2021-04-08,Total,11.049999999999995,,-14.920000000000002
2021-04-09,Total,38.25,,7.900000000000006
2021-04-10,Total,33.27000000000001,,8.349999999999994
2021-04-11,Total,10.290000000000006,,-11.150000000000006
2021-04-12,Total,-12.980000000000004,,-31.010000000000005
2021-04-13,Total,-20.83,,-38.39
2021-04-14,Total,-19.230000000000004,,-36.2
2021-04-15,Total,-14.379999999999995,,-36.27
2021-04-16,Total,-6.709999999999994,,-25.89
2021-04-17,Total,-8.219999999999999,,-23.90000000000001
2021-04-18,Total,-14.89,,-30.680000000000007
2021-04-19,Total,-20.17,,-38.98
2021-04-20,Total,-20.05,,-38.77
2021-04-21,Total,-18.879999999999995,,-35.980000000000004
2021-04-22,Total,-13.920000000000002,,-35.370000000000005
2021-04-23,Total,-1.5,,-21.379999999999995
2021-04-24,Total,-1.6200000000000043,,-19.569999999999997
2021-04-25,Total,-11.170000000000002,,-28.950000000000003
2021-04-26,Total,-16.769999999999996,,-37.46
2021-04-27,Total,-16.47,,-36.1
2021-04-28,Total,-11.620000000000005,,-29.959999999999997
2021-04-29,Total,-8.579999999999998,,-28.819999999999997
2021-04-30,Total,4.1200000000000045,,-17.310000000000002
2021-05-01,Total,2.4399999999999977,,-16.400000000000006
2021-05-02,Total,-7.980000000000004,,-25.3
2021-05-03,Total,-13.159999999999997,,-31.77
2021-05-04,Total,-9.159999999999997,,-31.72
2021-05-05,Total,-0.0300000000000011,,-26.5
2021-05-06,Total,-3.4000000000000057,,-27.3
2021-05-07,Total,0.1200000000000045,,-22.599999999999994
2021-05-08,Total,2.260000000000005,,-15.790000000000006
2021-05-09,Total,-3.9200000000000017,,-23.0
2021-05-10,Total,-12.0,,-30.450000000000003
2021-05-11,Total,-9.849999999999994,,-26.27
2021-05-12,Total,-18.44,,-33.27
2021-05-13,Total,-40.0,,-53.18
2021-05-14,Total,-29.27,,-43.06
2021-05-15,Total,-31.52,,-41.91
2021-05-16,Total,-27.06,,-38.32
2021-05-17,Total,-27.55,,-37.9
2021-05-18,Total,-28.52,,-40.55
2021-05-19,Total,-28.0,,-38.86
2021-05-20,Total,-27.989999999999995,,-40.46
2021-05-21,Total,-28.069999999999997,,-39.58
2021-05-22,Total,-33.64,,-40.86
2021-05-23,Total,-31.980000000000004,,-42.42
2021-05-24,Total,-32.75,,-41.32
2021-05-25,Total,-36.75,,-43.99
2021-05-26,Total,-35.739999999999995,,-43.34
2021-05-27,Total,-32.510000000000005,,-41.37
2021-05-28,Total,-29.489999999999995,,-39.66
2021-05-29,Total,-30.52,,-39.7
2021-05-30,Total,-23.66,,-33.95
2021-05-31,Total,-36.94,,-42.92
2021-06-01,Total,-45.15,,-47.86
2021-06-02,Total,-42.18,,-47.0
2021-06-03,Total,-40.09,,-43.96
2021-06-04,Total,-37.39,,-40.83
2021-06-05,Total,-39.68,,-41.74
2021-06-06,Total,-41.64,,-44.27
2021-06-07,Total,-37.21,,-39.28
2021-06-08,Total,-35.790000000000006,,-40.71
2021-06-09,Total,-36.86,,-40.62
2021-06-10,Total,-37.12,,-42.76
2021-06-11,Total,-31.25,,-36.61
2021-06-12,Total,-32.18000000000001,,-35.739999999999995
2021-06-13,Total,-33.349999999999994,,-36.94
2021-06-14,Total,-32.61,,-35.230000000000004
2021-06-15,Total,-32.959999999999994,,-39.64
2021-06-16,Total,-31.239999999999995,,-38.62
2021-06-17,Total,-33.099999999999994,,-38.79
2021-06-18,Total,-30.980000000000004,,-38.39
2021-06-19,Total,-29.840000000000003,,-37.82
2021-06-20,Total,-31.819999999999997,,-38.9
2021-06-21,Total,-35.43000000000001,,-42.25
2021-06-22,Total,-35.83,,-42.21
2021-06-23,Total,-35.41,,-42.75
2021-06-24,Total,-33.260000000000005,,-39.27
2021-06-25,Total,-29.65000000000001,,-38.24
2021-06-26,Total,-33.53,,-41.21
2021-06-27,Total,-35.06,,-43.14
2021-06-28,Total,-33.86,,-43.36
2021-06-29,Total,-29.90000000000001,,-39.6
2021-06-30,Total,-26.64,,-36.87
2021-07-01,Total,-23.42,,-33.81999999999999
2021-07-02,Total,-22.040000000000006,,-31.83
2021-07-03,Total,-30.239999999999995,,-38.45
2021-07-04,Total,-29.569999999999997,,-36.94
2021-07-05,Total,-30.569999999999997,,-39.99
2021-07-06,Total,-30.950000000000003,,-40.22
2021-07-07,Total,-27.599999999999994,,-37.12
2021-07-08,Total,-27.090000000000003,,-37.91
2021-07-09,Total,-22.81,,-34.84
2021-07-10,Total,-27.47,,-39.52
2021-07-11,Total,-26.97,,-36.75
2021-07-12,Total,-27.739999999999995,,-38.86
2021-07-13,Total,-26.69,,-36.46
2021-07-14,Total,-24.77,,-35.25
2021-07-15,Total,-24.200000000000003,,-35.540000000000006
2021-07-16,Total,-19.069999999999997,,-32.44
2021-07-17,Total,-20.81,,-34.89
2021-07-18,Total,-18.72,,-31.180000000000007
2021-07-19,Total,-22.3,,-34.67
2021-07-20,Total,-35.81,,-43.97
2021-07-21,Total,-27.64,,-38.81
2021-07-22,Total,-27.099999999999994,,-38.52
2021-07-23,Total,-24.5,,-36.16
2021-07-24,Total,-26.129999999999995,,-35.42
2021-07-25,Total,-27.27,,-40.15
2021-07-26,Total,-28.010000000000005,,-38.99
2021-07-27,Total,-24.739999999999995,,-36.69
2021-07-28,Total,-23.39,,-34.97
2021-07-29,Total,-21.94,,-36.12
2021-07-30,Total,-18.25,,-33.370000000000005
2021-07-31,Total,-20.91,,-33.72
2021-08-01,Total,-23.33,,-34.879999999999995
2021-08-02,Total,-24.260000000000005,,-34.81
2021-08-03,Total,-24.11,,-35.540000000000006
2021-08-04,Total,-23.040000000000006,,-33.150000000000006
2021-08-05,Total,-19.83,,-31.989999999999995
2021-08-06,Total,-17.450000000000003,,-31.230000000000004
2021-08-07,Total,-23.33,,-34.33
2021-08-08,Total,-24.620000000000005,,-33.36
2021-08-09,Total,-28.730000000000004,,-37.77
2021-08-10,Total,-25.430000000000007,,-35.989999999999995
2021-08-11,Total,-26.680000000000007,,-37.33
2021-08-12,Total,-23.55,,-36.16
2021-08-13,Total,-19.89,,-32.400000000000006
2021-08-14,Total,-22.47,,-34.34
2021-08-15,Total,-24.930000000000007,,-37.06
2021-08-16,Total,-26.58,,-37.03
2021-08-17,Total,-25.55,,-35.400000000000006
2021-08-18,Total,-21.17,,-29.959999999999997
2021-08-19,Total,-17.180000000000007,,-31.03
2021-08-20,Total,-14.319999999999991,,-28.52
2021-08-21,Total,-19.590000000000003,,-29.83
2021-08-22,Total,-23.180000000000007,,-34.989999999999995
2021-08-23,Total,-23.8,,-33.17
2021-08-24,Total,-22.83,,-31.94
2021-08-25,Total,-21.840000000000003,,-32.81999999999999
2021-08-26,Total,-19.790000000000006,,-33.129999999999995
2021-08-27,Total,-14.5,,-29.91
2021-08-28,Total,-17.799999999999997,,-29.47
2021-08-29,Total,-18.230000000000004,,-31.980000000000004
2021-08-30,Total,-16.319999999999993,,-30.370000000000005
2021-08-31,Total,-16.629999999999995,,-29.260000000000005
2021-09-01,Total,-18.77,,-33.44
2021-09-02,Total,-16.019999999999996,,-30.980000000000004
2021-09-03,Total,-9.120000000000005,,-24.989999999999995
2021-09-04,Total,-9.39,,-23.840000000000003
2021-09-05,Total,-13.61,,-30.069999999999997
2021-09-06,Total,-14.430000000000009,,-26.77
2021-09-07,Total,-15.560000000000002,,-29.39
2021-09-08,Total,-13.060000000000002,,-26.569999999999997
2021-09-09,Total,-8.659999999999997,,-24.14
2021-09-10,Total,3.739999999999995,,-16.450000000000003
2021-09-11,Total,4.879999999999996,,-15.909999999999997
2021-09-12,Total,-6.299999999999997,,-23.78
2021-09-13,Total,-9.670000000000002,,-25.14
2021-09-14,Total,-8.120000000000005,,-24.25
2021-09-15,Total,1.9000000000000057,,-15.950000000000005
2021-09-16,Total,-0.6500000000000057,,-19.790000000000006
2021-09-17,Total,3.3299999999999983,,-19.17
2021-09-18,Total,0.7999999999999972,,-18.980000000000004
2021-09-19,Total,-7.510000000000005,,-26.930000000000007
2021-09-20,Total,-3.019999999999996,,-18.08
2021-09-21,Total,2.4200000000000017,,-9.519999999999996
2021-09-22,Total,-0.8499999999999943,,-15.680000000000009
2021-09-23,Total,3.86,,-16.269999999999996
2021-09-24,Total,16.909999999999997,,-11.829999999999998
2021-09-25,Total,15.079999999999998,,-9.459999999999994
2021-09-26,Total,-0.0999999999999943,,-20.319999999999997
2021-09-27,Total,-3.9099999999999966,,-24.040000000000006
2021-09-28,Total,-3.5400000000000063,,-24.870000000000005
2021-09-29,Total,-1.2099999999999935,,-22.78
2021-09-30,Total,8.069999999999993,,-16.400000000000006
2021-10-01,Total,21.78,,-8.950000000000003
2021-10-02,Total,23.459999999999997,,-5.400000000000006
2021-10-03,Total,7.799999999999997,,-15.89
2021-10-04,Total,-4.519999999999996,,-22.730000000000004
2021-10-05,Total,-0.6599999999999966,,-23.05
2021-10-06,Total,2.3599999999999994,,-17.290000000000006
2021-10-07,Total,11.790000000000006,,-14.569999999999991
2021-10-08,Total,33.21000000000001,,1.8799999999999957
2021-10-09,Total,32.879999999999995,,2.4599999999999937
2021-10-10,Total,17.620000000000005,,-8.560000000000002
2021-10-11,Total,12.269999999999996,,-17.069999999999993
2021-10-12,Total,12.97,,-16.049999999999997
2021-10-13,Total,17.790000000000006,,-14.72
2021-10-14,Total,34.77000000000001,,-3.3599999999999994
2021-10-15,Total,61.46000000000001,,10.39
2021-10-16,Total,55.88,,12.28
2021-10-17,Total,31.56,,-2.569999999999993
2021-10-18,Total,35.72,,-0.9500000000000028
2021-10-19,Total,23.55,,-12.379999999999995
2021-10-20,Total,16.049999999999997,,-16.22
2021-10-21,Total,24.319999999999997,,-11.810000000000002
2021-10-22,Total,47.88,,3.4599999999999937
2021-10-23,Total,45.03999999999999,,2.180000000000007
2021-10-24,Total,22.599999999999994,,-10.64
2021-10-25,Total,11.629999999999995,,-19.0
2021-10-26,Total,12.010000000000003,,-18.680000000000007
2021-10-27,Total,16.980000000000004,,-12.379999999999995
2021-10-28,Total,32.91999999999999,,-3.930000000000007
2021-10-29,Total,66.05000000000001,,17.61
2021-10-30,Total,60.72999999999999,,19.22
2021-10-31,Total,33.81,,-4.5
2021-11-01,Total,19.8,,-11.560000000000002
2021-11-02,Total,28.56,,-6.170000000000002
2021-11-03,Total,62.44999999999999,,15.510000000000003
2021-11-04,Total,61.91999999999999,,20.340000000000003
2021-11-05,Total,78.36000000000001,,32.58000000000001
2021-11-06,Total,74.44,,25.31
2021-11-07,Total,43.31999999999999,,-1.2099999999999935
2021-11-08,Total,17.78,,-10.670000000000002
2021-11-09,Total,16.189999999999998,,-10.430000000000009
2021-11-10,Total,20.42,,-9.900000000000006
2021-11-11,Total,32.25,,-2.430000000000007
2021-11-12,Total,58.72999999999999,,18.290000000000006
2021-11-13,Total,52.75,,22.129999999999995
2021-11-14,Total,25.489999999999995,,-4.379999999999996
2021-11-15,Total,9.829999999999998,,-11.400000000000006
2021-11-16,Total,7.859999999999999,,-16.340000000000003
2021-11-17,Total,10.439999999999998,,-15.049999999999995
2021-11-18,Total,23.459999999999997,,-4.659999999999997
2021-11-19,Total,53.41999999999999,,13.180000000000009
2021-11-20,Total,50.44,,15.760000000000003
2021-11-21,Total,23.760000000000005,,-8.86
2021-11-22,Total,8.819999999999993,,-17.03
2021-11-23,Total,7.920000000000002,,-16.519999999999996
2021-11-24,Total,11.569999999999991,,-14.450000000000005
2021-11-25,Total,27.33,,-6.3700000000000045
2021-11-26,Total,61.96000000000001,,18.08
2021-11-27,Total,54.97999999999999,,20.129999999999995
2021-11-28,Total,24.700000000000003,,-6.090000000000003
2021-11-29,Total,9.700000000000005,,-14.010000000000003
2021-11-30,Total,8.569999999999993,,-17.569999999999993
2021-12-01,Total,12.659999999999997,,-14.329999999999998
2021-12-02,Total,29.069999999999997,,-0.3100000000000023
2021-12-03,Total,60.58000000000001,,23.950000000000003
2021-12-04,Total,60.22,,29.370000000000005
