date,city,congestion,diffRatio,state,congestion-norm
2019-12-30,Kuala Lumpur,23,-0.1481481481481481,Kuala Lumpur,-6.523378582202109
2019-12-31,Kuala Lumpur,30,-0.032258064516129,Kuala Lumpur,3.7707390648567145
2020-01-01,Kuala Lumpur,10,-0.6774193548387096,Kuala Lumpur,-25.64102564102564
2020-01-02,Kuala Lumpur,22,-0.3333333333333333,Kuala Lumpur,-7.9939668174962275
2020-01-03,Kuala Lumpur,28,-0.2631578947368421,Kuala Lumpur,0.8295625942684789
2020-01-04,Kuala Lumpur,18,-0.28,Kuala Lumpur,-13.876319758672699
2020-01-05,Kuala Lumpur,8,-0.3333333333333333,Kuala Lumpur,-28.582202111613874
2020-01-06,Kuala Lumpur,36,0.3333333333333333,Kuala Lumpur,12.594268476621421
2020-01-07,Kuala Lumpur,37,0.1935483870967742,Kuala Lumpur,14.064856711915539
2020-01-08,Kuala Lumpur,37,0.1935483870967742,Kuala Lumpur,14.064856711915539
2020-01-09,Kuala Lumpur,39,0.1818181818181818,Kuala Lumpur,17.006033182503774
2020-01-10,Kuala Lumpur,48,0.2631578947368421,Kuala Lumpur,30.241327300150832
2020-01-11,Kuala Lumpur,25,0.0,Kuala Lumpur,-3.582202111613874
2020-01-12,Kuala Lumpur,12,0.0,Kuala Lumpur,-22.699849170437403
2020-01-13,Kuala Lumpur,42,0.5555555555555556,Kuala Lumpur,21.417797888386126
2020-01-14,Kuala Lumpur,40,0.2903225806451613,Kuala Lumpur,18.47662141779789
2020-01-15,Kuala Lumpur,40,0.2903225806451613,Kuala Lumpur,18.47662141779789
2020-01-16,Kuala Lumpur,46,0.3939393939393939,Kuala Lumpur,27.300150829562597
2020-01-17,Kuala Lumpur,49,0.2894736842105263,Kuala Lumpur,31.711915535444952
2020-01-18,Kuala Lumpur,28,0.12,Kuala Lumpur,0.8295625942684789
2020-01-19,Kuala Lumpur,15,0.25,Kuala Lumpur,-18.28808446455505
2020-01-20,Kuala Lumpur,46,0.7037037037037037,Kuala Lumpur,27.300150829562597
2020-01-21,Kuala Lumpur,44,0.4193548387096774,Kuala Lumpur,24.35897435897436
2020-01-22,Kuala Lumpur,46,0.4838709677419355,Kuala Lumpur,27.300150829562597
2020-01-23,Kuala Lumpur,25,-0.2424242424242424,Kuala Lumpur,-3.582202111613874
2020-01-24,Kuala Lumpur,11,-0.7105263157894737,Kuala Lumpur,-24.17043740573152
2020-01-25,Kuala Lumpur,8,-0.68,Kuala Lumpur,-28.582202111613874
2020-01-26,Kuala Lumpur,4,-0.6666666666666666,Kuala Lumpur,-34.464555052790345
2020-01-27,Kuala Lumpur,5,-0.8148148148148148,Kuala Lumpur,-32.99396681749623
2020-01-28,Kuala Lumpur,12,-0.6129032258064516,Kuala Lumpur,-22.699849170437403
2020-01-29,Kuala Lumpur,22,-0.2903225806451613,Kuala Lumpur,-7.9939668174962275
2020-01-30,Kuala Lumpur,22,-0.3333333333333333,Kuala Lumpur,-7.9939668174962275
2020-01-31,Kuala Lumpur,27,-0.2894736842105263,Kuala Lumpur,-0.6410256410256387
2020-02-01,Kuala Lumpur,14,-0.44,Kuala Lumpur,-19.758672699849168
2020-02-02,Kuala Lumpur,10,-0.1666666666666666,Kuala Lumpur,-25.64102564102564
2020-02-03,Kuala Lumpur,32,0.1851851851851852,Kuala Lumpur,6.71191553544495
2020-02-04,Kuala Lumpur,34,0.0967741935483871,Kuala Lumpur,9.653092006033184
2020-02-05,Kuala Lumpur,37,0.1935483870967742,Kuala Lumpur,14.064856711915539
2020-02-06,Kuala Lumpur,38,0.1515151515151515,Kuala Lumpur,15.535444947209657
2020-02-07,Kuala Lumpur,40,0.0526315789473684,Kuala Lumpur,18.47662141779789
2020-02-08,Kuala Lumpur,13,-0.48,Kuala Lumpur,-21.229260935143284
2020-02-09,Kuala Lumpur,13,0.0833333333333333,Kuala Lumpur,-21.229260935143284
2020-02-10,Kuala Lumpur,34,0.2592592592592592,Kuala Lumpur,9.653092006033184
2020-02-11,Kuala Lumpur,33,0.064516129032258,Kuala Lumpur,8.182503770739068
2020-02-12,Kuala Lumpur,32,0.032258064516129,Kuala Lumpur,6.71191553544495
2020-02-13,Kuala Lumpur,38,0.1515151515151515,Kuala Lumpur,15.535444947209657
2020-02-14,Kuala Lumpur,58,0.5263157894736842,Kuala Lumpur,44.94720965309201
2020-02-15,Kuala Lumpur,23,-0.08,Kuala Lumpur,-6.523378582202109
2020-02-16,Kuala Lumpur,10,-0.1666666666666666,Kuala Lumpur,-25.64102564102564
2020-02-17,Kuala Lumpur,32,0.1851851851851852,Kuala Lumpur,6.71191553544495
2020-02-18,Kuala Lumpur,36,0.1612903225806451,Kuala Lumpur,12.594268476621421
2020-02-19,Kuala Lumpur,34,0.0967741935483871,Kuala Lumpur,9.653092006033184
2020-02-20,Kuala Lumpur,36,0.0909090909090909,Kuala Lumpur,12.594268476621421
2020-02-21,Kuala Lumpur,38,0.0,Kuala Lumpur,15.535444947209657
2020-02-22,Kuala Lumpur,21,-0.16,Kuala Lumpur,-9.464555052790345
2020-02-23,Kuala Lumpur,10,-0.1666666666666666,Kuala Lumpur,-25.64102564102564
2020-02-24,Kuala Lumpur,30,0.1111111111111111,Kuala Lumpur,3.7707390648567145
2020-02-25,Kuala Lumpur,34,0.0967741935483871,Kuala Lumpur,9.653092006033184
2020-02-26,Kuala Lumpur,35,0.1290322580645161,Kuala Lumpur,11.123680241327301
2020-02-27,Kuala Lumpur,34,0.0303030303030303,Kuala Lumpur,9.653092006033184
2020-02-28,Kuala Lumpur,40,0.0526315789473684,Kuala Lumpur,18.47662141779789
2020-02-29,Kuala Lumpur,26,0.04,Kuala Lumpur,-2.1116138763197565
2020-03-01,Kuala Lumpur,13,0.0833333333333333,Kuala Lumpur,-21.229260935143284
2020-03-02,Kuala Lumpur,34,0.2592592592592592,Kuala Lumpur,9.653092006033184
2020-03-03,Kuala Lumpur,36,0.1612903225806451,Kuala Lumpur,12.594268476621421
2020-03-04,Kuala Lumpur,33,0.064516129032258,Kuala Lumpur,8.182503770739068
2020-03-05,Kuala Lumpur,42,0.2727272727272727,Kuala Lumpur,21.417797888386126
2020-03-06,Kuala Lumpur,44,0.1578947368421052,Kuala Lumpur,24.35897435897436
2020-03-07,Kuala Lumpur,22,-0.12,Kuala Lumpur,-7.9939668174962275
2020-03-08,Kuala Lumpur,9,-0.25,Kuala Lumpur,-27.11161387631976
2020-03-09,Kuala Lumpur,28,0.037037037037037,Kuala Lumpur,0.8295625942684789
2020-03-10,Kuala Lumpur,31,0.0,Kuala Lumpur,5.241327300150831
2020-03-11,Kuala Lumpur,34,0.0967741935483871,Kuala Lumpur,9.653092006033184
2020-03-12,Kuala Lumpur,31,-0.0606060606060606,Kuala Lumpur,5.241327300150831
2020-03-13,Kuala Lumpur,31,-0.1842105263157894,Kuala Lumpur,5.241327300150831
2020-03-14,Kuala Lumpur,12,-0.52,Kuala Lumpur,-22.699849170437403
2020-03-15,Kuala Lumpur,3,-0.75,Kuala Lumpur,-35.93514328808446
2020-03-16,Kuala Lumpur,18,-0.3333333333333333,Kuala Lumpur,-13.876319758672699
2020-03-17,Kuala Lumpur,26,-0.1612903225806451,Kuala Lumpur,-2.1116138763197565
2020-03-18,Kuala Lumpur,2,-0.935483870967742,Kuala Lumpur,-37.405731523378584
2020-03-19,Kuala Lumpur,0,-1.0,Kuala Lumpur,-40.346907993966816
2020-03-20,Kuala Lumpur,0,-1.0,Kuala Lumpur,-40.346907993966816
2020-03-21,Kuala Lumpur,1,-0.96,Kuala Lumpur,-38.87631975867269
2020-03-22,Kuala Lumpur,0,-1.0,Kuala Lumpur,-40.346907993966816
2020-03-23,Kuala Lumpur,2,-0.925925925925926,Kuala Lumpur,-37.405731523378584
2020-03-24,Kuala Lumpur,2,-0.935483870967742,Kuala Lumpur,-37.405731523378584
2020-03-25,Kuala Lumpur,1,-0.967741935483871,Kuala Lumpur,-38.87631975867269
2020-03-26,Kuala Lumpur,1,-0.9696969696969696,Kuala Lumpur,-38.87631975867269
2020-03-27,Kuala Lumpur,1,-0.9736842105263158,Kuala Lumpur,-38.87631975867269
2020-03-28,Kuala Lumpur,0,-1.0,Kuala Lumpur,-40.346907993966816
2020-03-29,Kuala Lumpur,0,-1.0,Kuala Lumpur,-40.346907993966816
2020-03-30,Kuala Lumpur,1,-0.9629629629629628,Kuala Lumpur,-38.87631975867269
2020-03-31,Kuala Lumpur,2,-0.935483870967742,Kuala Lumpur,-37.405731523378584
2020-04-01,Kuala Lumpur,1,-0.967741935483871,Kuala Lumpur,-38.87631975867269
2020-04-02,Kuala Lumpur,1,-0.9696969696969696,Kuala Lumpur,-38.87631975867269
2020-04-03,Kuala Lumpur,2,-0.9473684210526316,Kuala Lumpur,-37.405731523378584
2020-04-04,Kuala Lumpur,0,-1.0,Kuala Lumpur,-40.346907993966816
2020-04-05,Kuala Lumpur,0,-1.0,Kuala Lumpur,-40.346907993966816
2020-04-06,Kuala Lumpur,1,-0.9629629629629628,Kuala Lumpur,-38.87631975867269
2020-04-07,Kuala Lumpur,2,-0.935483870967742,Kuala Lumpur,-37.405731523378584
2020-04-08,Kuala Lumpur,1,-0.967741935483871,Kuala Lumpur,-38.87631975867269
2020-04-09,Kuala Lumpur,1,-0.9696969696969696,Kuala Lumpur,-38.87631975867269
2020-04-10,Kuala Lumpur,1,-0.9736842105263158,Kuala Lumpur,-38.87631975867269
2020-04-11,Kuala Lumpur,0,-1.0,Kuala Lumpur,-40.346907993966816
2020-04-12,Kuala Lumpur,0,-1.0,Kuala Lumpur,-40.346907993966816
2020-04-13,Kuala Lumpur,2,-0.925925925925926,Kuala Lumpur,-37.405731523378584
2020-04-14,Kuala Lumpur,2,-0.935483870967742,Kuala Lumpur,-37.405731523378584
2020-04-15,Kuala Lumpur,2,-0.935483870967742,Kuala Lumpur,-37.405731523378584
2020-04-16,Kuala Lumpur,2,-0.9393939393939394,Kuala Lumpur,-37.405731523378584
2020-04-17,Kuala Lumpur,2,-0.9473684210526316,Kuala Lumpur,-37.405731523378584
2020-04-18,Kuala Lumpur,0,-1.0,Kuala Lumpur,-40.346907993966816
2020-04-19,Kuala Lumpur,0,-1.0,Kuala Lumpur,-40.346907993966816
2020-04-20,Kuala Lumpur,2,-0.925925925925926,Kuala Lumpur,-37.405731523378584
2020-04-21,Kuala Lumpur,1,-0.967741935483871,Kuala Lumpur,-38.87631975867269
2020-04-22,Kuala Lumpur,4,-0.8709677419354839,Kuala Lumpur,-34.464555052790345
2020-04-23,Kuala Lumpur,4,-0.8787878787878788,Kuala Lumpur,-34.464555052790345
2020-04-24,Kuala Lumpur,2,-0.9473684210526316,Kuala Lumpur,-37.405731523378584
2020-04-25,Kuala Lumpur,1,-0.96,Kuala Lumpur,-38.87631975867269
2020-04-26,Kuala Lumpur,0,-1.0,Kuala Lumpur,-40.346907993966816
2020-04-27,Kuala Lumpur,3,-0.8888888888888888,Kuala Lumpur,-35.93514328808446
2020-04-28,Kuala Lumpur,3,-0.9032258064516128,Kuala Lumpur,-35.93514328808446
2020-04-29,Kuala Lumpur,3,-0.9032258064516128,Kuala Lumpur,-35.93514328808446
2020-04-30,Kuala Lumpur,3,-0.9090909090909092,Kuala Lumpur,-35.93514328808446
2020-05-01,Kuala Lumpur,1,-0.9736842105263158,Kuala Lumpur,-38.87631975867269
2020-05-02,Kuala Lumpur,1,-0.96,Kuala Lumpur,-38.87631975867269
2020-05-03,Kuala Lumpur,0,-1.0,Kuala Lumpur,-40.346907993966816
2020-05-04,Kuala Lumpur,2,-0.925925925925926,Kuala Lumpur,-37.405731523378584
2020-05-05,Kuala Lumpur,2,-0.935483870967742,Kuala Lumpur,-37.405731523378584
2020-05-06,Kuala Lumpur,2,-0.935483870967742,Kuala Lumpur,-37.405731523378584
2020-05-07,Kuala Lumpur,1,-0.9696969696969696,Kuala Lumpur,-38.87631975867269
2020-05-08,Kuala Lumpur,3,-0.9210526315789472,Kuala Lumpur,-35.93514328808446
2020-05-09,Kuala Lumpur,1,-0.96,Kuala Lumpur,-38.87631975867269
2020-05-10,Kuala Lumpur,0,-1.0,Kuala Lumpur,-40.346907993966816
2020-05-11,Kuala Lumpur,1,-0.9629629629629628,Kuala Lumpur,-38.87631975867269
2020-05-12,Kuala Lumpur,6,-0.8064516129032258,Kuala Lumpur,-31.52337858220211
2020-05-13,Kuala Lumpur,7,-0.7741935483870968,Kuala Lumpur,-30.052790346907994
2020-05-14,Kuala Lumpur,7,-0.7878787878787878,Kuala Lumpur,-30.052790346907994
2020-05-15,Kuala Lumpur,6,-0.8421052631578947,Kuala Lumpur,-31.52337858220211
2020-05-16,Kuala Lumpur,6,-0.76,Kuala Lumpur,-31.52337858220211
2020-05-17,Kuala Lumpur,0,-1.0,Kuala Lumpur,-40.346907993966816
2020-05-18,Kuala Lumpur,9,-0.6666666666666666,Kuala Lumpur,-27.11161387631976
2020-05-19,Kuala Lumpur,9,-0.7096774193548387,Kuala Lumpur,-27.11161387631976
2020-05-20,Kuala Lumpur,8,-0.7419354838709677,Kuala Lumpur,-28.582202111613874
2020-05-21,Kuala Lumpur,7,-0.7878787878787878,Kuala Lumpur,-30.052790346907994
2020-05-22,Kuala Lumpur,9,-0.7631578947368421,Kuala Lumpur,-27.11161387631976
2020-05-23,Kuala Lumpur,3,-0.88,Kuala Lumpur,-35.93514328808446
2020-05-24,Kuala Lumpur,0,-1.0,Kuala Lumpur,-40.346907993966816
2020-05-25,Kuala Lumpur,0,-1.0,Kuala Lumpur,-40.346907993966816
2020-05-26,Kuala Lumpur,0,-1.0,Kuala Lumpur,-40.346907993966816
2020-05-27,Kuala Lumpur,3,-0.9032258064516128,Kuala Lumpur,-35.93514328808446
2020-05-28,Kuala Lumpur,4,-0.8787878787878788,Kuala Lumpur,-34.464555052790345
2020-05-29,Kuala Lumpur,6,-0.8421052631578947,Kuala Lumpur,-31.52337858220211
2020-05-30,Kuala Lumpur,3,-0.88,Kuala Lumpur,-35.93514328808446
2020-05-31,Kuala Lumpur,0,-1.0,Kuala Lumpur,-40.346907993966816
2020-06-01,Kuala Lumpur,7,-0.7407407407407407,Kuala Lumpur,-30.052790346907994
2020-06-02,Kuala Lumpur,6,-0.8064516129032258,Kuala Lumpur,-31.52337858220211
2020-06-03,Kuala Lumpur,9,-0.7096774193548387,Kuala Lumpur,-27.11161387631976
2020-06-04,Kuala Lumpur,9,-0.7272727272727273,Kuala Lumpur,-27.11161387631976
2020-06-05,Kuala Lumpur,8,-0.7894736842105263,Kuala Lumpur,-28.582202111613874
2020-06-06,Kuala Lumpur,4,-0.84,Kuala Lumpur,-34.464555052790345
2020-06-07,Kuala Lumpur,0,-1.0,Kuala Lumpur,-40.346907993966816
2020-06-08,Kuala Lumpur,0,-1.0,Kuala Lumpur,-40.346907993966816
2020-06-09,Kuala Lumpur,11,-0.6451612903225806,Kuala Lumpur,-24.17043740573152
2020-06-10,Kuala Lumpur,15,-0.5161290322580645,Kuala Lumpur,-18.28808446455505
2020-06-13,Kuala Lumpur,6,-0.76,Kuala Lumpur,-31.52337858220211
2020-06-14,Kuala Lumpur,1,-0.9166666666666666,Kuala Lumpur,-38.87631975867269
2020-06-15,Kuala Lumpur,11,-0.5925925925925926,Kuala Lumpur,-24.17043740573152
2020-06-16,Kuala Lumpur,13,-0.5806451612903226,Kuala Lumpur,-21.229260935143284
2020-06-17,Kuala Lumpur,15,-0.5161290322580645,Kuala Lumpur,-18.28808446455505
2020-06-18,Kuala Lumpur,17,-0.4848484848484849,Kuala Lumpur,-15.346907993966816
2020-06-19,Kuala Lumpur,20,-0.4736842105263158,Kuala Lumpur,-10.935143288084461
2020-06-20,Kuala Lumpur,9,-0.64,Kuala Lumpur,-27.11161387631976
2020-06-21,Kuala Lumpur,1,-0.9166666666666666,Kuala Lumpur,-38.87631975867269
2020-06-22,Kuala Lumpur,11,-0.5925925925925926,Kuala Lumpur,-24.17043740573152
2020-06-23,Kuala Lumpur,14,-0.5483870967741935,Kuala Lumpur,-19.758672699849168
2020-06-24,Kuala Lumpur,16,-0.4838709677419355,Kuala Lumpur,-16.817496229260932
2020-06-25,Kuala Lumpur,13,-0.6060606060606061,Kuala Lumpur,-21.229260935143284
2020-06-26,Kuala Lumpur,17,-0.5526315789473685,Kuala Lumpur,-15.346907993966816
2020-06-27,Kuala Lumpur,8,-0.68,Kuala Lumpur,-28.582202111613874
2020-06-28,Kuala Lumpur,2,-0.8333333333333334,Kuala Lumpur,-37.405731523378584
2020-06-29,Kuala Lumpur,12,-0.5555555555555556,Kuala Lumpur,-22.699849170437403
2020-06-30,Kuala Lumpur,14,-0.5483870967741935,Kuala Lumpur,-19.758672699849168
2020-07-01,Kuala Lumpur,17,-0.4516129032258064,Kuala Lumpur,-15.346907993966816
2020-07-02,Kuala Lumpur,16,-0.5151515151515151,Kuala Lumpur,-16.817496229260932
2020-07-03,Kuala Lumpur,20,-0.4736842105263158,Kuala Lumpur,-10.935143288084461
2020-07-04,Kuala Lumpur,13,-0.48,Kuala Lumpur,-21.229260935143284
2020-07-05,Kuala Lumpur,7,-0.4166666666666667,Kuala Lumpur,-30.052790346907994
2020-07-06,Kuala Lumpur,23,-0.1481481481481481,Kuala Lumpur,-6.523378582202109
2020-07-07,Kuala Lumpur,23,-0.2580645161290322,Kuala Lumpur,-6.523378582202109
2020-07-08,Kuala Lumpur,19,-0.3870967741935484,Kuala Lumpur,-12.405731523378579
2020-07-09,Kuala Lumpur,18,-0.4545454545454545,Kuala Lumpur,-13.876319758672699
2020-07-10,Kuala Lumpur,23,-0.3947368421052632,Kuala Lumpur,-6.523378582202109
2020-07-11,Kuala Lumpur,14,-0.44,Kuala Lumpur,-19.758672699849168
2020-07-12,Kuala Lumpur,5,-0.5833333333333334,Kuala Lumpur,-32.99396681749623
2020-07-13,Kuala Lumpur,21,-0.2222222222222222,Kuala Lumpur,-9.464555052790345
2020-07-14,Kuala Lumpur,16,-0.4838709677419355,Kuala Lumpur,-16.817496229260932
2020-07-15,Kuala Lumpur,19,-0.3870967741935484,Kuala Lumpur,-12.405731523378579
2020-07-16,Kuala Lumpur,23,-0.303030303030303,Kuala Lumpur,-6.523378582202109
2020-07-17,Kuala Lumpur,25,-0.3421052631578947,Kuala Lumpur,-3.582202111613874
2020-07-18,Kuala Lumpur,18,-0.28,Kuala Lumpur,-13.876319758672699
2020-07-19,Kuala Lumpur,5,-0.5833333333333334,Kuala Lumpur,-32.99396681749623
2020-07-20,Kuala Lumpur,19,-0.2962962962962963,Kuala Lumpur,-12.405731523378579
2020-07-21,Kuala Lumpur,20,-0.3548387096774194,Kuala Lumpur,-10.935143288084461
2020-07-22,Kuala Lumpur,26,-0.1612903225806451,Kuala Lumpur,-2.1116138763197565
2020-07-23,Kuala Lumpur,25,-0.2424242424242424,Kuala Lumpur,-3.582202111613874
2020-07-24,Kuala Lumpur,31,-0.1842105263157894,Kuala Lumpur,5.241327300150831
2020-07-25,Kuala Lumpur,18,-0.28,Kuala Lumpur,-13.876319758672699
2020-07-26,Kuala Lumpur,5,-0.5833333333333334,Kuala Lumpur,-32.99396681749623
2020-07-27,Kuala Lumpur,25,-0.074074074074074,Kuala Lumpur,-3.582202111613874
2020-07-28,Kuala Lumpur,23,-0.2580645161290322,Kuala Lumpur,-6.523378582202109
2020-07-29,Kuala Lumpur,28,-0.0967741935483871,Kuala Lumpur,0.8295625942684789
2020-07-30,Kuala Lumpur,13,-0.6060606060606061,Kuala Lumpur,-21.229260935143284
2020-07-31,Kuala Lumpur,2,-0.9473684210526316,Kuala Lumpur,-37.405731523378584
2020-08-01,Kuala Lumpur,1,-0.96,Kuala Lumpur,-38.87631975867269
2020-08-02,Kuala Lumpur,0,-1.0,Kuala Lumpur,-40.346907993966816
2020-08-03,Kuala Lumpur,11,-0.5925925925925926,Kuala Lumpur,-24.17043740573152
2020-08-04,Kuala Lumpur,17,-0.4516129032258064,Kuala Lumpur,-15.346907993966816
2020-08-05,Kuala Lumpur,19,-0.3870967741935484,Kuala Lumpur,-12.405731523378579
2020-08-06,Kuala Lumpur,20,-0.3939393939393939,Kuala Lumpur,-10.935143288084461
2020-08-07,Kuala Lumpur,23,-0.3947368421052632,Kuala Lumpur,-6.523378582202109
2020-08-08,Kuala Lumpur,16,-0.36,Kuala Lumpur,-16.817496229260932
2020-08-09,Kuala Lumpur,4,-0.6666666666666666,Kuala Lumpur,-34.464555052790345
2020-08-10,Kuala Lumpur,21,-0.2222222222222222,Kuala Lumpur,-9.464555052790345
2020-08-11,Kuala Lumpur,25,-0.1935483870967742,Kuala Lumpur,-3.582202111613874
2020-08-12,Kuala Lumpur,23,-0.2580645161290322,Kuala Lumpur,-6.523378582202109
2020-08-13,Kuala Lumpur,22,-0.3333333333333333,Kuala Lumpur,-7.9939668174962275
2020-08-14,Kuala Lumpur,29,-0.2368421052631579,Kuala Lumpur,2.3001508295625963
2020-08-15,Kuala Lumpur,14,-0.44,Kuala Lumpur,-19.758672699849168
2020-08-16,Kuala Lumpur,7,-0.4166666666666667,Kuala Lumpur,-30.052790346907994
2020-08-17,Kuala Lumpur,21,-0.2222222222222222,Kuala Lumpur,-9.464555052790345
2020-08-18,Kuala Lumpur,21,-0.3225806451612903,Kuala Lumpur,-9.464555052790345
2020-08-19,Kuala Lumpur,35,0.1290322580645161,Kuala Lumpur,11.123680241327301
2020-08-20,Kuala Lumpur,5,-0.8484848484848485,Kuala Lumpur,-32.99396681749623
2020-08-21,Kuala Lumpur,15,-0.6052631578947368,Kuala Lumpur,-18.28808446455505
2020-08-22,Kuala Lumpur,10,-0.6,Kuala Lumpur,-25.64102564102564
2020-08-23,Kuala Lumpur,4,-0.6666666666666666,Kuala Lumpur,-34.464555052790345
2020-08-24,Kuala Lumpur,19,-0.2962962962962963,Kuala Lumpur,-12.405731523378579
2020-08-25,Kuala Lumpur,27,-0.1290322580645161,Kuala Lumpur,-0.6410256410256387
2020-08-26,Kuala Lumpur,29,-0.064516129032258,Kuala Lumpur,2.3001508295625963
2020-08-27,Kuala Lumpur,27,-0.1818181818181818,Kuala Lumpur,-0.6410256410256387
2020-08-28,Kuala Lumpur,29,-0.2368421052631579,Kuala Lumpur,2.3001508295625963
2020-08-29,Kuala Lumpur,20,-0.2,Kuala Lumpur,-10.935143288084461
2020-08-30,Kuala Lumpur,7,-0.4166666666666667,Kuala Lumpur,-30.052790346907994
2020-08-31,Kuala Lumpur,6,-0.7777777777777778,Kuala Lumpur,-31.52337858220211
2020-09-01,Kuala Lumpur,24,-0.2258064516129032,Kuala Lumpur,-5.052790346907992
2020-09-02,Kuala Lumpur,32,0.032258064516129,Kuala Lumpur,6.71191553544495
2020-09-03,Kuala Lumpur,35,0.0606060606060606,Kuala Lumpur,11.123680241327301
2020-09-04,Kuala Lumpur,47,0.2368421052631579,Kuala Lumpur,28.770739064856716
2020-09-05,Kuala Lumpur,21,-0.16,Kuala Lumpur,-9.464555052790345
2020-09-06,Kuala Lumpur,6,-0.5,Kuala Lumpur,-31.52337858220211
2020-09-07,Kuala Lumpur,25,-0.074074074074074,Kuala Lumpur,-3.582202111613874
2020-09-08,Kuala Lumpur,26,-0.1612903225806451,Kuala Lumpur,-2.1116138763197565
2020-09-09,Kuala Lumpur,29,-0.064516129032258,Kuala Lumpur,2.3001508295625963
2020-09-10,Kuala Lumpur,37,0.1212121212121212,Kuala Lumpur,14.064856711915539
2020-09-11,Kuala Lumpur,31,-0.1842105263157894,Kuala Lumpur,5.241327300150831
2020-09-12,Kuala Lumpur,16,-0.36,Kuala Lumpur,-16.817496229260932
2020-09-13,Kuala Lumpur,5,-0.5833333333333334,Kuala Lumpur,-32.99396681749623
2020-09-14,Kuala Lumpur,28,0.037037037037037,Kuala Lumpur,0.8295625942684789
2020-09-15,Kuala Lumpur,28,-0.0967741935483871,Kuala Lumpur,0.8295625942684789
2020-09-16,Kuala Lumpur,5,-0.8387096774193549,Kuala Lumpur,-32.99396681749623
2020-09-17,Kuala Lumpur,22,-0.3333333333333333,Kuala Lumpur,-7.9939668174962275
2020-09-18,Kuala Lumpur,23,-0.3947368421052632,Kuala Lumpur,-6.523378582202109
2020-09-19,Kuala Lumpur,14,-0.44,Kuala Lumpur,-19.758672699849168
2020-09-20,Kuala Lumpur,9,-0.25,Kuala Lumpur,-27.11161387631976
2020-09-21,Kuala Lumpur,29,0.074074074074074,Kuala Lumpur,2.3001508295625963
2020-09-22,Kuala Lumpur,30,-0.032258064516129,Kuala Lumpur,3.7707390648567145
2020-09-23,Kuala Lumpur,28,-0.0967741935483871,Kuala Lumpur,0.8295625942684789
2020-09-24,Kuala Lumpur,27,-0.1818181818181818,Kuala Lumpur,-0.6410256410256387
2020-09-25,Kuala Lumpur,34,-0.1052631578947368,Kuala Lumpur,9.653092006033184
2020-09-26,Kuala Lumpur,22,-0.12,Kuala Lumpur,-7.9939668174962275
2020-09-27,Kuala Lumpur,6,-0.5,Kuala Lumpur,-31.52337858220211
2020-09-28,Kuala Lumpur,21,-0.2222222222222222,Kuala Lumpur,-9.464555052790345
2020-09-29,Kuala Lumpur,22,-0.2903225806451613,Kuala Lumpur,-7.9939668174962275
2020-09-30,Kuala Lumpur,23,-0.2580645161290322,Kuala Lumpur,-6.523378582202109
2020-10-01,Kuala Lumpur,39,0.1818181818181818,Kuala Lumpur,17.006033182503774
2020-10-02,Kuala Lumpur,23,-0.3947368421052632,Kuala Lumpur,-6.523378582202109
2020-10-03,Kuala Lumpur,10,-0.6,Kuala Lumpur,-25.64102564102564
2020-10-04,Kuala Lumpur,2,-0.8333333333333334,Kuala Lumpur,-37.405731523378584
2020-10-05,Kuala Lumpur,20,-0.2592592592592592,Kuala Lumpur,-10.935143288084461
2020-10-06,Kuala Lumpur,17,-0.4516129032258064,Kuala Lumpur,-15.346907993966816
2020-10-07,Kuala Lumpur,18,-0.4193548387096774,Kuala Lumpur,-13.876319758672699
2020-10-08,Kuala Lumpur,19,-0.4242424242424242,Kuala Lumpur,-12.405731523378579
2020-10-09,Kuala Lumpur,14,-0.631578947368421,Kuala Lumpur,-19.758672699849168
2020-10-10,Kuala Lumpur,6,-0.76,Kuala Lumpur,-31.52337858220211
2020-10-11,Kuala Lumpur,1,-0.9166666666666666,Kuala Lumpur,-38.87631975867269
2020-10-12,Kuala Lumpur,10,-0.6296296296296297,Kuala Lumpur,-25.64102564102564
2020-10-13,Kuala Lumpur,31,0.0,Kuala Lumpur,5.241327300150831
2020-10-14,Kuala Lumpur,6,-0.8064516129032258,Kuala Lumpur,-31.52337858220211
2020-10-15,Kuala Lumpur,3,-0.9090909090909092,Kuala Lumpur,-35.93514328808446
2020-10-16,Kuala Lumpur,4,-0.8947368421052632,Kuala Lumpur,-34.464555052790345
2020-10-17,Kuala Lumpur,0,-1.0,Kuala Lumpur,-40.346907993966816
2020-10-18,Kuala Lumpur,0,-1.0,Kuala Lumpur,-40.346907993966816
2020-10-19,Kuala Lumpur,5,-0.8148148148148148,Kuala Lumpur,-32.99396681749623
2020-10-20,Kuala Lumpur,6,-0.8064516129032258,Kuala Lumpur,-31.52337858220211
2020-10-21,Kuala Lumpur,8,-0.7419354838709677,Kuala Lumpur,-28.582202111613874
2020-10-22,Kuala Lumpur,3,-0.9090909090909092,Kuala Lumpur,-35.93514328808446
2020-10-23,Kuala Lumpur,2,-0.9473684210526316,Kuala Lumpur,-37.405731523378584
2020-10-24,Kuala Lumpur,1,-0.96,Kuala Lumpur,-38.87631975867269
2020-10-25,Kuala Lumpur,0,-1.0,Kuala Lumpur,-40.346907993966816
2020-10-26,Kuala Lumpur,4,-0.8518518518518519,Kuala Lumpur,-34.464555052790345
2020-10-27,Kuala Lumpur,5,-0.8387096774193549,Kuala Lumpur,-32.99396681749623
2020-10-28,Kuala Lumpur,7,-0.7741935483870968,Kuala Lumpur,-30.052790346907994
2020-10-29,Kuala Lumpur,1,-0.9696969696969696,Kuala Lumpur,-38.87631975867269
2020-10-30,Kuala Lumpur,7,-0.8157894736842105,Kuala Lumpur,-30.052790346907994
2020-10-31,Kuala Lumpur,5,-0.8,Kuala Lumpur,-32.99396681749623
2020-11-01,Kuala Lumpur,0,-1.0,Kuala Lumpur,-40.346907993966816
2020-11-02,Kuala Lumpur,8,-0.7037037037037037,Kuala Lumpur,-28.582202111613874
2020-11-03,Kuala Lumpur,8,-0.7419354838709677,Kuala Lumpur,-28.582202111613874
2020-11-04,Kuala Lumpur,9,-0.7096774193548387,Kuala Lumpur,-27.11161387631976
2020-11-05,Kuala Lumpur,6,-0.8181818181818182,Kuala Lumpur,-31.52337858220211
2020-11-06,Kuala Lumpur,8,-0.7894736842105263,Kuala Lumpur,-28.582202111613874
2020-11-07,Kuala Lumpur,5,-0.8,Kuala Lumpur,-32.99396681749623
2020-11-08,Kuala Lumpur,0,-1.0,Kuala Lumpur,-40.346907993966816
2020-11-09,Kuala Lumpur,7,-0.7407407407407407,Kuala Lumpur,-30.052790346907994
2020-11-10,Kuala Lumpur,7,-0.7741935483870968,Kuala Lumpur,-30.052790346907994
2020-11-11,Kuala Lumpur,9,-0.7096774193548387,Kuala Lumpur,-27.11161387631976
2020-11-12,Kuala Lumpur,8,-0.7575757575757576,Kuala Lumpur,-28.582202111613874
2020-11-13,Kuala Lumpur,12,-0.6842105263157895,Kuala Lumpur,-22.699849170437403
2020-11-14,Kuala Lumpur,1,-0.96,Kuala Lumpur,-38.87631975867269
2020-11-15,Kuala Lumpur,2,-0.8333333333333334,Kuala Lumpur,-37.405731523378584
2020-11-16,Kuala Lumpur,8,-0.7037037037037037,Kuala Lumpur,-28.582202111613874
2020-11-17,Kuala Lumpur,13,-0.5806451612903226,Kuala Lumpur,-21.229260935143284
2020-11-18,Kuala Lumpur,12,-0.6129032258064516,Kuala Lumpur,-22.699849170437403
2020-11-19,Kuala Lumpur,9,-0.7272727272727273,Kuala Lumpur,-27.11161387631976
2020-11-20,Kuala Lumpur,12,-0.6842105263157895,Kuala Lumpur,-22.699849170437403
2020-11-21,Kuala Lumpur,10,-0.6,Kuala Lumpur,-25.64102564102564
2020-11-22,Kuala Lumpur,1,-0.9166666666666666,Kuala Lumpur,-38.87631975867269
2020-11-23,Kuala Lumpur,11,-0.5925925925925926,Kuala Lumpur,-24.17043740573152
2020-11-24,Kuala Lumpur,13,-0.5806451612903226,Kuala Lumpur,-21.229260935143284
2020-11-25,Kuala Lumpur,10,-0.6774193548387096,Kuala Lumpur,-25.64102564102564
2020-11-26,Kuala Lumpur,11,-0.6666666666666666,Kuala Lumpur,-24.17043740573152
2020-11-27,Kuala Lumpur,13,-0.6578947368421053,Kuala Lumpur,-21.229260935143284
2020-11-28,Kuala Lumpur,9,-0.64,Kuala Lumpur,-27.11161387631976
2020-11-29,Kuala Lumpur,1,-0.9166666666666666,Kuala Lumpur,-38.87631975867269
2020-11-30,Kuala Lumpur,11,-0.5925925925925926,Kuala Lumpur,-24.17043740573152
2020-12-01,Kuala Lumpur,13,-0.5806451612903226,Kuala Lumpur,-21.229260935143284
2020-12-02,Kuala Lumpur,13,-0.5806451612903226,Kuala Lumpur,-21.229260935143284
2020-12-03,Kuala Lumpur,28,-0.1515151515151515,Kuala Lumpur,0.8295625942684789
2020-12-04,Kuala Lumpur,28,-0.2631578947368421,Kuala Lumpur,0.8295625942684789
2020-12-05,Kuala Lumpur,25,0.0,Kuala Lumpur,-3.582202111613874
2020-12-06,Kuala Lumpur,16,0.3333333333333333,Kuala Lumpur,-16.817496229260932
2020-12-07,Kuala Lumpur,28,0.037037037037037,Kuala Lumpur,0.8295625942684789
2020-12-08,Kuala Lumpur,25,-0.1935483870967742,Kuala Lumpur,-3.582202111613874
2020-12-09,Kuala Lumpur,28,-0.0967741935483871,Kuala Lumpur,0.8295625942684789
2020-12-10,Kuala Lumpur,28,-0.1515151515151515,Kuala Lumpur,0.8295625942684789
2020-12-11,Kuala Lumpur,21,-0.4473684210526316,Kuala Lumpur,-9.464555052790345
2020-12-12,Kuala Lumpur,21,-0.16,Kuala Lumpur,-9.464555052790345
2020-12-13,Kuala Lumpur,14,0.1666666666666666,Kuala Lumpur,-19.758672699849168
2020-12-14,Kuala Lumpur,25,-0.074074074074074,Kuala Lumpur,-3.582202111613874
2020-12-15,Kuala Lumpur,29,-0.064516129032258,Kuala Lumpur,2.3001508295625963
2020-12-16,Kuala Lumpur,31,0.0,Kuala Lumpur,5.241327300150831
2020-12-17,Kuala Lumpur,32,-0.0303030303030303,Kuala Lumpur,6.71191553544495
2020-12-18,Kuala Lumpur,32,-0.1578947368421052,Kuala Lumpur,6.71191553544495
2020-12-19,Kuala Lumpur,25,0.0,Kuala Lumpur,-3.582202111613874
2020-12-20,Kuala Lumpur,14,0.1666666666666666,Kuala Lumpur,-19.758672699849168
2020-12-21,Kuala Lumpur,26,-0.037037037037037,Kuala Lumpur,-2.1116138763197565
2020-12-22,Kuala Lumpur,27,-0.1290322580645161,Kuala Lumpur,-0.6410256410256387
2020-12-23,Kuala Lumpur,29,-0.064516129032258,Kuala Lumpur,2.3001508295625963
2020-12-24,Kuala Lumpur,33,0.0,Kuala Lumpur,8.182503770739068
2020-12-25,Kuala Lumpur,15,-0.6052631578947368,Kuala Lumpur,-18.28808446455505
2020-12-26,Kuala Lumpur,21,-0.16,Kuala Lumpur,-9.464555052790345
2020-12-27,Kuala Lumpur,14,0.1666666666666666,Kuala Lumpur,-19.758672699849168
2020-12-28,Kuala Lumpur,27,0.0,Kuala Lumpur,-0.6410256410256387
2020-12-29,Kuala Lumpur,35,0.1290322580645161,Kuala Lumpur,11.123680241327301
2020-12-30,Kuala Lumpur,30,-0.032258064516129,Kuala Lumpur,3.7707390648567145
2020-12-31,Kuala Lumpur,34,0.0303030303030303,Kuala Lumpur,9.653092006033184
2021-01-04,Kuala Lumpur,25,-0.074074074074074,Kuala Lumpur,-3.582202111613874
2021-01-05,Kuala Lumpur,30,-0.032258064516129,Kuala Lumpur,3.7707390648567145
2021-01-06,Kuala Lumpur,28,-0.0967741935483871,Kuala Lumpur,0.8295625942684789
2021-01-07,Kuala Lumpur,27,-0.1818181818181818,Kuala Lumpur,-0.6410256410256387
2021-01-08,Kuala Lumpur,29,-0.2368421052631578,Kuala Lumpur,2.3001508295625963
2021-01-09,Kuala Lumpur,24,-0.04,Kuala Lumpur,-5.052790346907992
2021-01-10,Kuala Lumpur,15,0.25,Kuala Lumpur,-18.28808446455505
2021-01-11,Kuala Lumpur,26,-0.037037037037037,Kuala Lumpur,-2.1116138763197565
2021-01-12,Kuala Lumpur,53,0.7096774193548387,Kuala Lumpur,37.594268476621416
2021-01-13,Kuala Lumpur,15,-0.5161290322580645,Kuala Lumpur,-18.28808446455505
2021-01-14,Kuala Lumpur,15,-0.5454545454545454,Kuala Lumpur,-18.28808446455505
2021-01-15,Kuala Lumpur,16,-0.5789473684210527,Kuala Lumpur,-16.817496229260932
2021-01-16,Kuala Lumpur,12,-0.52,Kuala Lumpur,-22.699849170437403
2021-01-17,Kuala Lumpur,9,-0.25,Kuala Lumpur,-27.11161387631976
2021-01-18,Kuala Lumpur,18,-0.3333333333333333,Kuala Lumpur,-13.876319758672699
2021-01-19,Kuala Lumpur,18,-0.4193548387096774,Kuala Lumpur,-13.876319758672699
2021-01-20,Kuala Lumpur,16,-0.4838709677419355,Kuala Lumpur,-16.817496229260932
2021-01-21,Kuala Lumpur,17,-0.4848484848484848,Kuala Lumpur,-15.346907993966816
2021-01-22,Kuala Lumpur,18,-0.5263157894736842,Kuala Lumpur,-13.876319758672699
2021-01-23,Kuala Lumpur,13,-0.48,Kuala Lumpur,-21.229260935143284
2021-01-24,Kuala Lumpur,9,-0.25,Kuala Lumpur,-27.11161387631976
2021-01-25,Kuala Lumpur,20,-0.2592592592592592,Kuala Lumpur,-10.935143288084461
2021-01-26,Kuala Lumpur,19,-0.3870967741935484,Kuala Lumpur,-12.405731523378579
2021-01-27,Kuala Lumpur,23,-0.2580645161290322,Kuala Lumpur,-6.523378582202109
2021-01-28,Kuala Lumpur,12,-0.6363636363636364,Kuala Lumpur,-22.699849170437403
2021-01-29,Kuala Lumpur,20,-0.4736842105263157,Kuala Lumpur,-10.935143288084461
2021-01-30,Kuala Lumpur,15,-0.4,Kuala Lumpur,-18.28808446455505
2021-01-31,Kuala Lumpur,10,-0.1666666666666666,Kuala Lumpur,-25.64102564102564
2021-02-01,Kuala Lumpur,19,-0.2962962962962963,Kuala Lumpur,-12.405731523378579
2021-02-02,Kuala Lumpur,24,-0.2258064516129032,Kuala Lumpur,-5.052790346907992
2021-02-03,Kuala Lumpur,23,-0.2580645161290322,Kuala Lumpur,-6.523378582202109
2021-02-04,Kuala Lumpur,22,-0.3333333333333333,Kuala Lumpur,-7.9939668174962275
2021-02-05,Kuala Lumpur,24,-0.3684210526315789,Kuala Lumpur,-5.052790346907992
2021-02-06,Kuala Lumpur,18,-0.28,Kuala Lumpur,-13.876319758672699
2021-02-07,Kuala Lumpur,11,-0.0833333333333333,Kuala Lumpur,-24.17043740573152
2021-02-08,Kuala Lumpur,27,0.0,Kuala Lumpur,-0.6410256410256387
2021-02-09,Kuala Lumpur,26,-0.1612903225806451,Kuala Lumpur,-2.1116138763197565
2021-02-10,Kuala Lumpur,25,-0.1935483870967742,Kuala Lumpur,-3.582202111613874
2021-02-11,Kuala Lumpur,17,-0.4848484848484848,Kuala Lumpur,-15.346907993966816
2021-02-12,Kuala Lumpur,10,-0.7368421052631579,Kuala Lumpur,-25.64102564102564
2021-02-13,Kuala Lumpur,10,-0.6,Kuala Lumpur,-25.64102564102564
2021-02-14,Kuala Lumpur,10,-0.1666666666666666,Kuala Lumpur,-25.64102564102564
2021-02-15,Kuala Lumpur,16,-0.4074074074074074,Kuala Lumpur,-16.817496229260932
2021-02-16,Kuala Lumpur,18,-0.4193548387096774,Kuala Lumpur,-13.876319758672699
2021-02-17,Kuala Lumpur,23,-0.2580645161290322,Kuala Lumpur,-6.523378582202109
2021-02-18,Kuala Lumpur,23,-0.303030303030303,Kuala Lumpur,-6.523378582202109
2021-02-19,Kuala Lumpur,25,-0.3421052631578947,Kuala Lumpur,-3.582202111613874
2021-02-20,Kuala Lumpur,20,-0.2,Kuala Lumpur,-10.935143288084461
2021-02-21,Kuala Lumpur,13,0.0833333333333333,Kuala Lumpur,-21.229260935143284
2021-02-22,Kuala Lumpur,26,-0.037037037037037,Kuala Lumpur,-2.1116138763197565
2021-02-23,Kuala Lumpur,25,-0.1935483870967742,Kuala Lumpur,-3.582202111613874
2021-02-24,Kuala Lumpur,26,-0.1612903225806451,Kuala Lumpur,-2.1116138763197565
2021-02-25,Kuala Lumpur,26,-0.2121212121212121,Kuala Lumpur,-2.1116138763197565
2021-02-26,Kuala Lumpur,31,-0.1842105263157894,Kuala Lumpur,5.241327300150831
2021-02-27,Kuala Lumpur,25,0.0,Kuala Lumpur,-3.582202111613874
2021-02-28,Kuala Lumpur,16,0.3333333333333333,Kuala Lumpur,-16.817496229260932
2021-03-01,Kuala Lumpur,27,0.0,Kuala Lumpur,-0.6410256410256387
2021-03-02,Kuala Lumpur,32,0.032258064516129,Kuala Lumpur,6.71191553544495
2021-03-03,Kuala Lumpur,32,0.032258064516129,Kuala Lumpur,6.71191553544495
2021-03-04,Kuala Lumpur,29,-0.1212121212121212,Kuala Lumpur,2.3001508295625963
2021-03-05,Kuala Lumpur,38,0.0,Kuala Lumpur,15.535444947209657
2021-03-06,Kuala Lumpur,37,0.48,Kuala Lumpur,14.064856711915539
2021-03-07,Kuala Lumpur,24,1.0,Kuala Lumpur,-5.052790346907992
2021-03-08,Kuala Lumpur,36,0.3333333333333333,Kuala Lumpur,12.594268476621421
2021-03-09,Kuala Lumpur,35,0.1290322580645161,Kuala Lumpur,11.123680241327301
2021-03-10,Kuala Lumpur,36,0.1612903225806451,Kuala Lumpur,12.594268476621421
2021-03-11,Kuala Lumpur,34,0.0303030303030303,Kuala Lumpur,9.653092006033184
2021-03-12,Kuala Lumpur,42,0.1052631578947368,Kuala Lumpur,21.417797888386126
2021-03-13,Kuala Lumpur,34,0.36,Kuala Lumpur,9.653092006033184
2021-03-14,Kuala Lumpur,21,0.75,Kuala Lumpur,-9.464555052790345
2021-03-15,Kuala Lumpur,38,0.4074074074074074,Kuala Lumpur,15.535444947209657
2021-03-16,Kuala Lumpur,35,0.1290322580645161,Kuala Lumpur,11.123680241327301
2021-03-17,Kuala Lumpur,38,0.2258064516129032,Kuala Lumpur,15.535444947209657
2021-03-18,Kuala Lumpur,36,0.0909090909090909,Kuala Lumpur,12.594268476621421
2021-03-19,Kuala Lumpur,37,-0.0263157894736842,Kuala Lumpur,14.064856711915539
2021-03-20,Kuala Lumpur,36,0.44,Kuala Lumpur,12.594268476621421
2021-03-21,Kuala Lumpur,21,0.75,Kuala Lumpur,-9.464555052790345
2021-03-22,Kuala Lumpur,35,0.2962962962962963,Kuala Lumpur,11.123680241327301
2021-03-23,Kuala Lumpur,32,0.032258064516129,Kuala Lumpur,6.71191553544495
2021-03-24,Kuala Lumpur,35,0.1290322580645161,Kuala Lumpur,11.123680241327301
2021-03-25,Kuala Lumpur,40,0.2121212121212121,Kuala Lumpur,18.47662141779789
2021-03-26,Kuala Lumpur,38,0.0,Kuala Lumpur,15.535444947209657
2021-03-27,Kuala Lumpur,38,0.52,Kuala Lumpur,15.535444947209657
2021-03-28,Kuala Lumpur,22,0.8333333333333334,Kuala Lumpur,-7.9939668174962275
2021-03-29,Kuala Lumpur,39,0.4444444444444444,Kuala Lumpur,17.006033182503774
2021-03-30,Kuala Lumpur,32,0.032258064516129,Kuala Lumpur,6.71191553544495
2021-03-31,Kuala Lumpur,35,0.1290322580645161,Kuala Lumpur,11.123680241327301
2021-04-01,Kuala Lumpur,35,0.0606060606060606,Kuala Lumpur,11.123680241327301
2021-04-02,Kuala Lumpur,40,0.0526315789473684,Kuala Lumpur,18.47662141779789
2021-04-03,Kuala Lumpur,37,0.48,Kuala Lumpur,14.064856711915539
2021-04-04,Kuala Lumpur,23,0.9166666666666666,Kuala Lumpur,-6.523378582202109
2021-04-05,Kuala Lumpur,48,0.7777777777777778,Kuala Lumpur,30.241327300150832
2021-04-06,Kuala Lumpur,44,0.4193548387096774,Kuala Lumpur,24.35897435897436
2021-04-07,Kuala Lumpur,47,0.5161290322580645,Kuala Lumpur,28.770739064856716
2021-04-08,Kuala Lumpur,42,0.2727272727272727,Kuala Lumpur,21.417797888386126
2021-04-09,Kuala Lumpur,50,0.3157894736842105,Kuala Lumpur,33.18250377073907
2021-04-10,Kuala Lumpur,41,0.64,Kuala Lumpur,19.947209653092006
2021-04-11,Kuala Lumpur,28,1.3333333333333333,Kuala Lumpur,0.8295625942684789
2021-04-12,Kuala Lumpur,54,1.0,Kuala Lumpur,39.06485671191554
2021-04-13,Kuala Lumpur,47,0.5161290322580645,Kuala Lumpur,28.770739064856716
2021-04-14,Kuala Lumpur,47,0.5161290322580645,Kuala Lumpur,28.770739064856716
2021-04-15,Kuala Lumpur,48,0.4545454545454545,Kuala Lumpur,30.241327300150832
2021-04-16,Kuala Lumpur,42,0.1052631578947368,Kuala Lumpur,21.417797888386126
2021-04-17,Kuala Lumpur,29,0.16,Kuala Lumpur,2.3001508295625963
2021-04-18,Kuala Lumpur,17,0.4166666666666667,Kuala Lumpur,-15.346907993966816
2021-04-19,Kuala Lumpur,37,0.3703703703703703,Kuala Lumpur,14.064856711915539
2021-04-20,Kuala Lumpur,38,0.2258064516129032,Kuala Lumpur,15.535444947209657
2021-04-21,Kuala Lumpur,36,0.1612903225806451,Kuala Lumpur,12.594268476621421
2021-04-22,Kuala Lumpur,37,0.1212121212121212,Kuala Lumpur,14.064856711915539
2021-04-23,Kuala Lumpur,38,0.0,Kuala Lumpur,15.535444947209657
2021-04-24,Kuala Lumpur,30,0.2,Kuala Lumpur,3.7707390648567145
2021-04-25,Kuala Lumpur,19,0.5833333333333334,Kuala Lumpur,-12.405731523378579
2021-04-26,Kuala Lumpur,37,0.3703703703703703,Kuala Lumpur,14.064856711915539
2021-04-27,Kuala Lumpur,43,0.3870967741935484,Kuala Lumpur,22.88838612368024
2021-04-28,Kuala Lumpur,38,0.2258064516129032,Kuala Lumpur,15.535444947209657
2021-04-29,Kuala Lumpur,21,-0.3636363636363636,Kuala Lumpur,-9.464555052790345
2021-04-30,Kuala Lumpur,40,0.0526315789473684,Kuala Lumpur,18.47662141779789
2021-05-01,Kuala Lumpur,23,-0.08,Kuala Lumpur,-6.523378582202109
2021-05-02,Kuala Lumpur,20,0.6666666666666666,Kuala Lumpur,-10.935143288084461
2021-05-03,Kuala Lumpur,39,0.4444444444444444,Kuala Lumpur,17.006033182503774
2021-05-04,Kuala Lumpur,39,0.2580645161290322,Kuala Lumpur,17.006033182503774
2021-05-05,Kuala Lumpur,63,1.032258064516129,Kuala Lumpur,52.3001508295626
2021-05-06,Kuala Lumpur,26,-0.2121212121212121,Kuala Lumpur,-2.1116138763197565
2021-05-07,Kuala Lumpur,24,-0.3684210526315789,Kuala Lumpur,-5.052790346907992
2021-05-08,Kuala Lumpur,19,-0.24,Kuala Lumpur,-12.405731523378579
2021-05-09,Kuala Lumpur,16,0.3333333333333333,Kuala Lumpur,-16.817496229260932
2021-05-10,Kuala Lumpur,29,0.074074074074074,Kuala Lumpur,2.3001508295625963
2021-05-11,Kuala Lumpur,24,-0.2258064516129032,Kuala Lumpur,-5.052790346907992
2021-05-12,Kuala Lumpur,20,-0.3548387096774194,Kuala Lumpur,-10.935143288084461
2021-05-13,Kuala Lumpur,9,-0.7272727272727273,Kuala Lumpur,-27.11161387631976
2021-05-14,Kuala Lumpur,10,-0.7368421052631579,Kuala Lumpur,-25.64102564102564
2021-05-15,Kuala Lumpur,11,-0.56,Kuala Lumpur,-24.17043740573152
2021-05-16,Kuala Lumpur,10,-0.1666666666666666,Kuala Lumpur,-25.64102564102564
2021-05-17,Kuala Lumpur,22,-0.1851851851851851,Kuala Lumpur,-7.9939668174962275
2021-05-18,Kuala Lumpur,23,-0.2580645161290322,Kuala Lumpur,-6.523378582202109
2021-05-19,Kuala Lumpur,22,-0.2903225806451613,Kuala Lumpur,-7.9939668174962275
2021-05-20,Kuala Lumpur,19,-0.4242424242424242,Kuala Lumpur,-12.405731523378579
2021-05-21,Kuala Lumpur,20,-0.4736842105263157,Kuala Lumpur,-10.935143288084461
2021-05-22,Kuala Lumpur,13,-0.48,Kuala Lumpur,-21.229260935143284
2021-05-23,Kuala Lumpur,8,-0.3333333333333333,Kuala Lumpur,-28.582202111613874
2021-05-24,Kuala Lumpur,18,-0.3333333333333333,Kuala Lumpur,-13.876319758672699
2021-05-25,Kuala Lumpur,18,-0.4193548387096774,Kuala Lumpur,-13.876319758672699
2021-05-26,Kuala Lumpur,10,-0.6774193548387096,Kuala Lumpur,-25.64102564102564
2021-05-27,Kuala Lumpur,18,-0.4545454545454545,Kuala Lumpur,-13.876319758672699
2021-05-28,Kuala Lumpur,17,-0.5526315789473685,Kuala Lumpur,-15.346907993966816
2021-05-29,Kuala Lumpur,16,-0.36,Kuala Lumpur,-16.817496229260932
2021-05-30,Kuala Lumpur,9,-0.25,Kuala Lumpur,-27.11161387631976
2021-05-31,Kuala Lumpur,33,0.2222222222222222,Kuala Lumpur,8.182503770739068
2021-06-01,Kuala Lumpur,8,-0.7419354838709677,Kuala Lumpur,-28.582202111613874
2021-06-02,Kuala Lumpur,8,-0.7419354838709677,Kuala Lumpur,-28.582202111613874
2021-06-03,Kuala Lumpur,8,-0.7575757575757576,Kuala Lumpur,-28.582202111613874
2021-06-04,Kuala Lumpur,9,-0.7631578947368421,Kuala Lumpur,-27.11161387631976
2021-06-05,Kuala Lumpur,8,-0.68,Kuala Lumpur,-28.582202111613874
2021-06-06,Kuala Lumpur,5,-0.5833333333333334,Kuala Lumpur,-32.99396681749623
2021-06-07,Kuala Lumpur,6,-0.7777777777777778,Kuala Lumpur,-31.52337858220211
2021-06-08,Kuala Lumpur,7,-0.7741935483870968,Kuala Lumpur,-30.052790346907994
2021-06-09,Kuala Lumpur,7,-0.7741935483870968,Kuala Lumpur,-30.052790346907994
2021-06-10,Kuala Lumpur,7,-0.7878787878787878,Kuala Lumpur,-30.052790346907994
2021-06-11,Kuala Lumpur,7,-0.8157894736842105,Kuala Lumpur,-30.052790346907994
2021-06-12,Kuala Lumpur,6,-0.76,Kuala Lumpur,-31.52337858220211
2021-06-13,Kuala Lumpur,4,-0.6666666666666666,Kuala Lumpur,-34.464555052790345
2021-06-14,Kuala Lumpur,9,-0.6666666666666666,Kuala Lumpur,-27.11161387631976
2021-06-15,Kuala Lumpur,8,-0.7419354838709677,Kuala Lumpur,-28.582202111613874
2021-06-16,Kuala Lumpur,9,-0.7096774193548387,Kuala Lumpur,-27.11161387631976
2021-06-17,Kuala Lumpur,8,-0.7575757575757576,Kuala Lumpur,-28.582202111613874
2021-06-18,Kuala Lumpur,8,-0.7894736842105263,Kuala Lumpur,-28.582202111613874
2021-06-19,Kuala Lumpur,7,-0.72,Kuala Lumpur,-30.052790346907994
2021-06-20,Kuala Lumpur,6,-0.5,Kuala Lumpur,-31.52337858220211
2021-06-21,Kuala Lumpur,8,-0.7037037037037037,Kuala Lumpur,-28.582202111613874
2021-06-22,Kuala Lumpur,8,-0.7419354838709677,Kuala Lumpur,-28.582202111613874
2021-06-23,Kuala Lumpur,8,-0.7419354838709677,Kuala Lumpur,-28.582202111613874
2021-06-24,Kuala Lumpur,8,-0.7575757575757576,Kuala Lumpur,-28.582202111613874
2021-06-25,Kuala Lumpur,8,-0.7894736842105263,Kuala Lumpur,-28.582202111613874
2021-06-26,Kuala Lumpur,8,-0.68,Kuala Lumpur,-28.582202111613874
2021-06-27,Kuala Lumpur,5,-0.5833333333333334,Kuala Lumpur,-32.99396681749623
2021-06-28,Kuala Lumpur,10,-0.6296296296296297,Kuala Lumpur,-25.64102564102564
2021-06-29,Kuala Lumpur,10,-0.6774193548387096,Kuala Lumpur,-25.64102564102564
2021-06-30,Kuala Lumpur,10,-0.6774193548387096,Kuala Lumpur,-25.64102564102564
2021-07-01,Kuala Lumpur,10,-0.696969696969697,Kuala Lumpur,-25.64102564102564
2021-07-02,Kuala Lumpur,16,-0.5789473684210527,Kuala Lumpur,-16.817496229260932
2021-07-03,Kuala Lumpur,4,-0.84,Kuala Lumpur,-34.464555052790345
2021-07-04,Kuala Lumpur,2,-0.8333333333333334,Kuala Lumpur,-37.405731523378584
2021-07-05,Kuala Lumpur,6,-0.7777777777777778,Kuala Lumpur,-31.52337858220211
2021-07-06,Kuala Lumpur,6,-0.8064516129032258,Kuala Lumpur,-31.52337858220211
2021-07-07,Kuala Lumpur,6,-0.8064516129032258,Kuala Lumpur,-31.52337858220211
2021-07-08,Kuala Lumpur,7,-0.7878787878787878,Kuala Lumpur,-30.052790346907994
2021-07-09,Kuala Lumpur,6,-0.8421052631578947,Kuala Lumpur,-31.52337858220211
2021-07-10,Kuala Lumpur,7,-0.72,Kuala Lumpur,-30.052790346907994
2021-07-11,Kuala Lumpur,4,-0.6666666666666666,Kuala Lumpur,-34.464555052790345
2021-07-12,Kuala Lumpur,7,-0.7407407407407407,Kuala Lumpur,-30.052790346907994
2021-07-13,Kuala Lumpur,7,-0.7741935483870968,Kuala Lumpur,-30.052790346907994
2021-07-14,Kuala Lumpur,7,-0.7741935483870968,Kuala Lumpur,-30.052790346907994
2021-07-15,Kuala Lumpur,6,-0.8181818181818182,Kuala Lumpur,-31.52337858220211
2021-07-16,Kuala Lumpur,7,-0.8157894736842105,Kuala Lumpur,-30.052790346907994
2021-07-17,Kuala Lumpur,7,-0.72,Kuala Lumpur,-30.052790346907994
2021-07-18,Kuala Lumpur,5,-0.5833333333333334,Kuala Lumpur,-32.99396681749623
2021-07-19,Kuala Lumpur,10,-0.6296296296296297,Kuala Lumpur,-25.64102564102564
2021-07-20,Kuala Lumpur,5,-0.8387096774193549,Kuala Lumpur,-32.99396681749623
2021-07-21,Kuala Lumpur,9,-0.7096774193548387,Kuala Lumpur,-27.11161387631976
2021-07-22,Kuala Lumpur,10,-0.696969696969697,Kuala Lumpur,-25.64102564102564
2021-07-23,Kuala Lumpur,10,-0.7368421052631579,Kuala Lumpur,-25.64102564102564
2021-07-24,Kuala Lumpur,7,-0.72,Kuala Lumpur,-30.052790346907994
2021-07-25,Kuala Lumpur,4,-0.6666666666666666,Kuala Lumpur,-34.464555052790345
2021-07-26,Kuala Lumpur,10,-0.6296296296296297,Kuala Lumpur,-25.64102564102564
2021-07-27,Kuala Lumpur,10,-0.6774193548387096,Kuala Lumpur,-25.64102564102564
2021-07-28,Kuala Lumpur,9,-0.7096774193548387,Kuala Lumpur,-27.11161387631976
2021-07-29,Kuala Lumpur,9,-0.7272727272727273,Kuala Lumpur,-27.11161387631976
2021-07-30,Kuala Lumpur,11,-0.7105263157894737,Kuala Lumpur,-24.17043740573152
2021-07-31,Kuala Lumpur,9,-0.64,Kuala Lumpur,-27.11161387631976
2021-08-01,Kuala Lumpur,6,-0.5,Kuala Lumpur,-31.52337858220211
2021-08-02,Kuala Lumpur,10,-0.6296296296296297,Kuala Lumpur,-25.64102564102564
2021-08-03,Kuala Lumpur,9,-0.7096774193548387,Kuala Lumpur,-27.11161387631976
2021-08-04,Kuala Lumpur,10,-0.6774193548387096,Kuala Lumpur,-25.64102564102564
2021-08-05,Kuala Lumpur,11,-0.6666666666666666,Kuala Lumpur,-24.17043740573152
2021-08-06,Kuala Lumpur,10,-0.7368421052631579,Kuala Lumpur,-25.64102564102564
2021-08-07,Kuala Lumpur,9,-0.64,Kuala Lumpur,-27.11161387631976
2021-08-08,Kuala Lumpur,6,-0.5,Kuala Lumpur,-31.52337858220211
2021-08-09,Kuala Lumpur,11,-0.5925925925925926,Kuala Lumpur,-24.17043740573152
2021-08-10,Kuala Lumpur,7,-0.7741935483870968,Kuala Lumpur,-30.052790346907994
2021-08-11,Kuala Lumpur,11,-0.6451612903225806,Kuala Lumpur,-24.17043740573152
2021-08-12,Kuala Lumpur,10,-0.696969696969697,Kuala Lumpur,-25.64102564102564
2021-08-13,Kuala Lumpur,11,-0.7105263157894737,Kuala Lumpur,-24.17043740573152
2021-08-14,Kuala Lumpur,9,-0.64,Kuala Lumpur,-27.11161387631976
2021-08-15,Kuala Lumpur,8,-0.3333333333333333,Kuala Lumpur,-28.582202111613874
2021-08-16,Kuala Lumpur,14,-0.4814814814814814,Kuala Lumpur,-19.758672699849168
2021-08-17,Kuala Lumpur,14,-0.5483870967741935,Kuala Lumpur,-19.758672699849168
2021-08-18,Kuala Lumpur,19,-0.3870967741935484,Kuala Lumpur,-12.405731523378579
2021-08-19,Kuala Lumpur,15,-0.5454545454545454,Kuala Lumpur,-18.28808446455505
2021-08-20,Kuala Lumpur,18,-0.5263157894736842,Kuala Lumpur,-13.876319758672699
2021-08-21,Kuala Lumpur,15,-0.4,Kuala Lumpur,-18.28808446455505
2021-08-22,Kuala Lumpur,8,-0.3333333333333333,Kuala Lumpur,-28.582202111613874
2021-08-23,Kuala Lumpur,14,-0.4814814814814814,Kuala Lumpur,-19.758672699849168
2021-08-24,Kuala Lumpur,13,-0.5806451612903226,Kuala Lumpur,-21.229260935143284
2021-08-25,Kuala Lumpur,14,-0.5483870967741935,Kuala Lumpur,-19.758672699849168
2021-08-26,Kuala Lumpur,14,-0.5757575757575758,Kuala Lumpur,-19.758672699849168
2021-08-28,Kuala Lumpur,14,-0.44,Kuala Lumpur,-19.758672699849168
2021-08-29,Kuala Lumpur,9,-0.25,Kuala Lumpur,-27.11161387631976
2021-08-30,Kuala Lumpur,17,-0.3703703703703703,Kuala Lumpur,-15.346907993966816
2021-08-31,Kuala Lumpur,9,-0.7096774193548387,Kuala Lumpur,-27.11161387631976
2021-09-01,Kuala Lumpur,18,-0.4193548387096774,Kuala Lumpur,-13.876319758672699
2021-09-02,Kuala Lumpur,17,-0.4848484848484848,Kuala Lumpur,-15.346907993966816
2021-09-03,Kuala Lumpur,19,-0.5,Kuala Lumpur,-12.405731523378579
2021-09-04,Kuala Lumpur,17,-0.32,Kuala Lumpur,-15.346907993966816
2021-09-05,Kuala Lumpur,11,-0.0833333333333333,Kuala Lumpur,-24.17043740573152
2021-09-06,Kuala Lumpur,19,-0.2962962962962963,Kuala Lumpur,-12.405731523378579
2021-09-07,Kuala Lumpur,17,-0.4516129032258064,Kuala Lumpur,-15.346907993966816
2021-09-08,Kuala Lumpur,18,-0.4193548387096774,Kuala Lumpur,-13.876319758672699
2021-09-09,Kuala Lumpur,19,-0.4242424242424242,Kuala Lumpur,-12.405731523378579
2021-09-10,Kuala Lumpur,20,-0.4736842105263157,Kuala Lumpur,-10.935143288084461
2021-09-11,Kuala Lumpur,20,-0.2,Kuala Lumpur,-10.935143288084461
2021-09-12,Kuala Lumpur,14,0.1666666666666666,Kuala Lumpur,-19.758672699849168
2021-09-13,Kuala Lumpur,28,0.037037037037037,Kuala Lumpur,0.8295625942684789
2021-09-14,Kuala Lumpur,20,-0.3548387096774194,Kuala Lumpur,-10.935143288084461
2021-09-15,Kuala Lumpur,26,-0.1612903225806451,Kuala Lumpur,-2.1116138763197565
2021-09-16,Kuala Lumpur,14,-0.5757575757575758,Kuala Lumpur,-19.758672699849168
2021-09-17,Kuala Lumpur,26,-0.3157894736842105,Kuala Lumpur,-2.1116138763197565
2021-09-18,Kuala Lumpur,23,-0.08,Kuala Lumpur,-6.523378582202109
2021-09-19,Kuala Lumpur,18,0.5,Kuala Lumpur,-13.876319758672699
2021-09-20,Kuala Lumpur,23,-0.1481481481481481,Kuala Lumpur,-6.523378582202109
2021-09-21,Kuala Lumpur,23,-0.2580645161290322,Kuala Lumpur,-6.523378582202109
2021-09-22,Kuala Lumpur,22,-0.2903225806451613,Kuala Lumpur,-7.9939668174962275
2021-09-23,Kuala Lumpur,23,-0.303030303030303,Kuala Lumpur,-6.523378582202109
2021-09-24,Kuala Lumpur,26,-0.3157894736842105,Kuala Lumpur,-2.1116138763197565
2021-09-25,Kuala Lumpur,26,0.04,Kuala Lumpur,-2.1116138763197565
2021-09-26,Kuala Lumpur,21,0.75,Kuala Lumpur,-9.464555052790345
2021-09-27,Kuala Lumpur,26,-0.037037037037037,Kuala Lumpur,-2.1116138763197565
2021-09-28,Kuala Lumpur,27,-0.1290322580645161,Kuala Lumpur,-0.6410256410256387
2021-09-29,Kuala Lumpur,27,-0.1290322580645161,Kuala Lumpur,-0.6410256410256387
2021-09-30,Kuala Lumpur,24,-0.2727272727272727,Kuala Lumpur,-5.052790346907992
2021-10-01,Kuala Lumpur,28,-0.2631578947368421,Kuala Lumpur,0.8295625942684789
2021-10-02,Kuala Lumpur,28,0.12,Kuala Lumpur,0.8295625942684789
2021-10-03,Kuala Lumpur,17,0.4166666666666667,Kuala Lumpur,-15.346907993966816
2021-10-04,Kuala Lumpur,26,-0.037037037037037,Kuala Lumpur,-2.1116138763197565
2021-10-05,Kuala Lumpur,27,-0.1290322580645161,Kuala Lumpur,-0.6410256410256387
2021-10-06,Kuala Lumpur,28,-0.0967741935483871,Kuala Lumpur,0.8295625942684789
2021-10-07,Kuala Lumpur,26,-0.2121212121212121,Kuala Lumpur,-2.1116138763197565
2021-10-08,Kuala Lumpur,31,-0.1842105263157894,Kuala Lumpur,5.241327300150831
2021-10-09,Kuala Lumpur,28,0.12,Kuala Lumpur,0.8295625942684789
2021-10-10,Kuala Lumpur,18,0.5,Kuala Lumpur,-13.876319758672699
2021-10-11,Kuala Lumpur,28,0.037037037037037,Kuala Lumpur,0.8295625942684789
2021-10-12,Kuala Lumpur,28,-0.0967741935483871,Kuala Lumpur,0.8295625942684789
2021-10-13,Kuala Lumpur,29,-0.064516129032258,Kuala Lumpur,2.3001508295625963
2021-10-14,Kuala Lumpur,26,-0.2121212121212121,Kuala Lumpur,-2.1116138763197565
2021-10-15,Kuala Lumpur,30,-0.2105263157894736,Kuala Lumpur,3.7707390648567145
2021-10-16,Kuala Lumpur,24,-0.04,Kuala Lumpur,-5.052790346907992
2021-10-17,Kuala Lumpur,16,0.3333333333333333,Kuala Lumpur,-16.817496229260932
2021-10-18,Kuala Lumpur,27,0.0,Kuala Lumpur,-0.6410256410256387
2021-10-19,Kuala Lumpur,18,-0.4193548387096774,Kuala Lumpur,-13.876319758672699
2021-10-20,Kuala Lumpur,47,0.5161290322580645,Kuala Lumpur,28.770739064856716
2021-10-21,Kuala Lumpur,33,0.0,Kuala Lumpur,8.182503770739068
2021-10-22,Kuala Lumpur,31,-0.1842105263157894,Kuala Lumpur,5.241327300150831
2021-10-23,Kuala Lumpur,29,0.16,Kuala Lumpur,2.3001508295625963
2021-10-24,Kuala Lumpur,18,0.5,Kuala Lumpur,-13.876319758672699
2021-10-25,Kuala Lumpur,31,0.1481481481481481,Kuala Lumpur,5.241327300150831
2021-10-26,Kuala Lumpur,31,0.0,Kuala Lumpur,5.241327300150831
2021-10-27,Kuala Lumpur,36,0.1612903225806451,Kuala Lumpur,12.594268476621421
2021-10-28,Kuala Lumpur,31,-0.0606060606060606,Kuala Lumpur,5.241327300150831
2021-10-29,Kuala Lumpur,34,-0.1052631578947368,Kuala Lumpur,9.653092006033184
2021-10-30,Kuala Lumpur,34,0.36,Kuala Lumpur,9.653092006033184
2021-10-31,Kuala Lumpur,19,0.5833333333333334,Kuala Lumpur,-12.405731523378579
2021-11-01,Kuala Lumpur,45,0.6666666666666666,Kuala Lumpur,25.82956259426848
2021-11-02,Kuala Lumpur,35,0.1290322580645161,Kuala Lumpur,11.123680241327301
2021-11-03,Kuala Lumpur,35,0.1290322580645161,Kuala Lumpur,11.123680241327301
2021-11-04,Kuala Lumpur,18,-0.4545454545454545,Kuala Lumpur,-13.876319758672699
2021-11-05,Kuala Lumpur,28,-0.2631578947368421,Kuala Lumpur,0.8295625942684789
2021-11-06,Kuala Lumpur,23,-0.08,Kuala Lumpur,-6.523378582202109
2021-11-07,Kuala Lumpur,20,0.6666666666666666,Kuala Lumpur,-10.935143288084461
2021-11-08,Kuala Lumpur,34,0.2592592592592592,Kuala Lumpur,9.653092006033184
2021-11-09,Kuala Lumpur,39,0.2580645161290322,Kuala Lumpur,17.006033182503774
2021-11-10,Kuala Lumpur,50,0.6129032258064516,Kuala Lumpur,33.18250377073907
2021-11-11,Kuala Lumpur,41,0.2424242424242424,Kuala Lumpur,19.947209653092006
2021-11-12,Kuala Lumpur,41,0.0789473684210526,Kuala Lumpur,19.947209653092006
2021-11-13,Kuala Lumpur,29,0.16,Kuala Lumpur,2.3001508295625963
2021-11-14,Kuala Lumpur,19,0.5833333333333334,Kuala Lumpur,-12.405731523378579
2021-11-15,Kuala Lumpur,34,0.2592592592592592,Kuala Lumpur,9.653092006033184
2021-11-16,Kuala Lumpur,42,0.3548387096774194,Kuala Lumpur,21.417797888386126
2021-11-17,Kuala Lumpur,44,0.4193548387096774,Kuala Lumpur,24.35897435897436
2021-11-18,Kuala Lumpur,35,0.0606060606060606,Kuala Lumpur,11.123680241327301
2021-11-19,Kuala Lumpur,39,0.0263157894736842,Kuala Lumpur,17.006033182503774
2021-11-20,Kuala Lumpur,31,0.24,Kuala Lumpur,5.241327300150831
2021-11-21,Kuala Lumpur,23,0.9166666666666666,Kuala Lumpur,-6.523378582202109
2021-11-22,Kuala Lumpur,40,0.4814814814814814,Kuala Lumpur,18.47662141779789
2021-11-23,Kuala Lumpur,38,0.2258064516129032,Kuala Lumpur,15.535444947209657
2021-11-24,Kuala Lumpur,46,0.4838709677419355,Kuala Lumpur,27.300150829562597
2021-11-25,Kuala Lumpur,37,0.1212121212121212,Kuala Lumpur,14.064856711915539
2021-11-26,Kuala Lumpur,43,0.131578947368421,Kuala Lumpur,22.88838612368024
2021-11-27,Kuala Lumpur,37,0.48,Kuala Lumpur,14.064856711915539
2021-11-28,Kuala Lumpur,23,0.9166666666666666,Kuala Lumpur,-6.523378582202109
2021-11-29,Kuala Lumpur,36,0.3333333333333333,Kuala Lumpur,12.594268476621421
2021-11-30,Kuala Lumpur,38,0.2258064516129032,Kuala Lumpur,15.535444947209657
2021-12-01,Kuala Lumpur,39,0.2580645161290322,Kuala Lumpur,17.006033182503774
2021-12-02,Kuala Lumpur,44,0.3333333333333333,Kuala Lumpur,24.35897435897436
2021-12-03,Kuala Lumpur,35,-0.0789473684210526,Kuala Lumpur,11.123680241327301
2021-12-04,Kuala Lumpur,34,0.36,Kuala Lumpur,9.653092006033184
2021-12-05,Kuala Lumpur,24,1.0,Kuala Lumpur,-5.052790346907992
2021-12-06,Kuala Lumpur,39,0.4444444444444444,Kuala Lumpur,17.006033182503774
2021-12-07,Kuala Lumpur,39,0.2580645161290322,Kuala Lumpur,17.006033182503774
2021-12-08,Kuala Lumpur,38,0.2258064516129032,Kuala Lumpur,15.535444947209657
2021-12-09,Kuala Lumpur,44,0.3333333333333333,Kuala Lumpur,24.35897435897436
2021-12-10,Kuala Lumpur,54,0.4210526315789473,Kuala Lumpur,39.06485671191554
2021-12-11,Kuala Lumpur,35,0.4,Kuala Lumpur,11.123680241327301
2021-12-12,Kuala Lumpur,22,0.8333333333333334,Kuala Lumpur,-7.9939668174962275
2021-12-13,Kuala Lumpur,39,0.4444444444444444,Kuala Lumpur,17.006033182503774
2021-12-14,Kuala Lumpur,37,0.1935483870967742,Kuala Lumpur,14.064856711915539
2021-12-15,Kuala Lumpur,44,0.4193548387096774,Kuala Lumpur,24.35897435897436
2021-12-16,Kuala Lumpur,44,0.3333333333333333,Kuala Lumpur,24.35897435897436
2021-12-17,Kuala Lumpur,63,0.6578947368421053,Kuala Lumpur,52.3001508295626
2021-12-18,Kuala Lumpur,54,1.16,Kuala Lumpur,39.06485671191554
2021-12-19,Kuala Lumpur,24,1.0,Kuala Lumpur,-5.052790346907992
2021-12-20,Kuala Lumpur,31,0.1481481481481481,Kuala Lumpur,5.241327300150831
2021-12-21,Kuala Lumpur,35,0.1290322580645161,Kuala Lumpur,11.123680241327301
2021-12-22,Kuala Lumpur,37,0.1935483870967742,Kuala Lumpur,14.064856711915539
2021-12-23,Kuala Lumpur,34,0.0303030303030303,Kuala Lumpur,9.653092006033184
2021-12-24,Kuala Lumpur,40,0.0526315789473684,Kuala Lumpur,18.47662141779789
2021-12-25,Kuala Lumpur,24,-0.04,Kuala Lumpur,-5.052790346907992
2021-12-26,Kuala Lumpur,20,0.6666666666666666,Kuala Lumpur,-10.935143288084461
2021-12-27,Kuala Lumpur,34,0.2592592592592592,Kuala Lumpur,9.653092006033184
2021-12-28,Kuala Lumpur,34,0.0967741935483871,Kuala Lumpur,9.653092006033184
2021-12-29,Kuala Lumpur,35,0.1290322580645161,Kuala Lumpur,11.123680241327301
2021-12-30,Kuala Lumpur,34,0.0303030303030303,Kuala Lumpur,9.653092006033184
2021-12-31,Kuala Lumpur,50,0.3157894736842105,Kuala Lumpur,33.18250377073907
2022-01-01,Kuala Lumpur,27,0.08,Kuala Lumpur,-0.6410256410256387
2022-01-02,Kuala Lumpur,25,1.0833333333333333,Kuala Lumpur,-3.582202111613874
2022-01-03,Kuala Lumpur,42,0.5555555555555556,Kuala Lumpur,21.417797888386126
2022-01-04,Kuala Lumpur,49,0.5806451612903226,Kuala Lumpur,31.711915535444952
2022-01-05,Kuala Lumpur,52,0.6774193548387096,Kuala Lumpur,36.12368024132731
2022-01-06,Kuala Lumpur,43,0.303030303030303,Kuala Lumpur,22.88838612368024
2022-01-07,Kuala Lumpur,50,0.3157894736842105,Kuala Lumpur,33.18250377073907
2022-01-08,Kuala Lumpur,37,0.48,Kuala Lumpur,14.064856711915539
2022-01-09,Kuala Lumpur,23,0.9166666666666666,Kuala Lumpur,-6.523378582202109
2022-01-10,Kuala Lumpur,48,0.7777777777777778,Kuala Lumpur,30.241327300150832
2022-01-11,Kuala Lumpur,44,0.4193548387096774,Kuala Lumpur,24.35897435897436
2022-01-12,Kuala Lumpur,46,0.4838709677419355,Kuala Lumpur,27.300150829562597
2022-01-13,Kuala Lumpur,44,0.3333333333333333,Kuala Lumpur,24.35897435897436
2022-01-14,Kuala Lumpur,46,0.2105263157894736,Kuala Lumpur,27.300150829562597
2022-01-15,Kuala Lumpur,33,0.32,Kuala Lumpur,8.182503770739068
2022-01-16,Kuala Lumpur,21,0.75,Kuala Lumpur,-9.464555052790345
2022-01-17,Kuala Lumpur,46,0.7037037037037037,Kuala Lumpur,27.300150829562597
2022-01-18,Kuala Lumpur,18,-0.4193548387096774,Kuala Lumpur,-13.876319758672699
2022-01-19,Kuala Lumpur,57,0.8387096774193549,Kuala Lumpur,43.47662141779789
2022-01-20,Kuala Lumpur,49,0.4848484848484848,Kuala Lumpur,31.711915535444952
2022-01-21,Kuala Lumpur,50,0.3157894736842105,Kuala Lumpur,33.18250377073907
2022-01-22,Kuala Lumpur,36,0.44,Kuala Lumpur,12.594268476621421
2022-01-23,Kuala Lumpur,24,1.0,Kuala Lumpur,-5.052790346907992
2022-01-24,Kuala Lumpur,53,0.9629629629629628,Kuala Lumpur,37.594268476621416
2022-01-25,Kuala Lumpur,58,0.8709677419354839,Kuala Lumpur,44.94720965309201
2022-01-26,Kuala Lumpur,52,0.6774193548387096,Kuala Lumpur,36.12368024132731
2022-01-27,Kuala Lumpur,54,0.6363636363636364,Kuala Lumpur,39.06485671191554
2022-01-28,Kuala Lumpur,58,0.5263157894736842,Kuala Lumpur,44.94720965309201
2022-01-29,Kuala Lumpur,34,0.36,Kuala Lumpur,9.653092006033184
2022-01-30,Kuala Lumpur,16,0.3333333333333333,Kuala Lumpur,-16.817496229260932
2022-01-31,Kuala Lumpur,18,-0.3333333333333333,Kuala Lumpur,-13.876319758672699
2022-02-01,Kuala Lumpur,13,-0.5806451612903226,Kuala Lumpur,-21.229260935143284
2022-02-02,Kuala Lumpur,13,-0.5806451612903226,Kuala Lumpur,-21.229260935143284
2022-02-03,Kuala Lumpur,14,-0.5757575757575758,Kuala Lumpur,-19.758672699849168
2022-02-04,Kuala Lumpur,19,-0.5,Kuala Lumpur,-12.405731523378579
2022-02-05,Kuala Lumpur,20,-0.2,Kuala Lumpur,-10.935143288084461
2022-02-06,Kuala Lumpur,17,0.4166666666666667,Kuala Lumpur,-15.346907993966816
2022-02-07,Kuala Lumpur,31,0.1481481481481481,Kuala Lumpur,5.241327300150831
2022-02-08,Kuala Lumpur,32,0.032258064516129,Kuala Lumpur,6.71191553544495
2022-02-09,Kuala Lumpur,26,-0.1612903225806451,Kuala Lumpur,-2.1116138763197565
2022-02-10,Kuala Lumpur,37,0.1212121212121212,Kuala Lumpur,14.064856711915539
2022-02-11,Kuala Lumpur,32,-0.1578947368421052,Kuala Lumpur,6.71191553544495
2022-02-12,Kuala Lumpur,26,0.04,Kuala Lumpur,-2.1116138763197565
2022-02-13,Kuala Lumpur,18,0.5,Kuala Lumpur,-13.876319758672699
2022-02-14,Kuala Lumpur,33,0.2222222222222222,Kuala Lumpur,8.182503770739068
2022-02-15,Kuala Lumpur,27,-0.1290322580645161,Kuala Lumpur,-0.6410256410256387
2022-02-16,Kuala Lumpur,26,-0.1612903225806451,Kuala Lumpur,-2.1116138763197565
2022-02-17,Kuala Lumpur,25,-0.2424242424242424,Kuala Lumpur,-3.582202111613874
2022-02-18,Kuala Lumpur,25,-0.3421052631578947,Kuala Lumpur,-3.582202111613874
2022-02-19,Kuala Lumpur,23,-0.08,Kuala Lumpur,-6.523378582202109
2022-02-20,Kuala Lumpur,17,0.4166666666666667,Kuala Lumpur,-15.346907993966816
2022-02-21,Kuala Lumpur,29,0.074074074074074,Kuala Lumpur,2.3001508295625963
2022-02-22,Kuala Lumpur,33,0.064516129032258,Kuala Lumpur,8.182503770739068
2022-02-23,Kuala Lumpur,31,0.0,Kuala Lumpur,5.241327300150831
2022-02-24,Kuala Lumpur,29,-0.1212121212121212,Kuala Lumpur,2.3001508295625963
2022-02-25,Kuala Lumpur,40,0.0526315789473684,Kuala Lumpur,18.47662141779789
2022-02-26,Kuala Lumpur,30,0.2,Kuala Lumpur,3.7707390648567145
2022-02-27,Kuala Lumpur,18,0.5,Kuala Lumpur,-13.876319758672699
2022-02-28,Kuala Lumpur,29,0.074074074074074,Kuala Lumpur,2.3001508295625963
2022-03-01,Kuala Lumpur,29,-0.064516129032258,Kuala Lumpur,2.3001508295625963
2022-03-02,Kuala Lumpur,36,0.1612903225806451,Kuala Lumpur,12.594268476621421
2022-03-03,Kuala Lumpur,31,-0.0606060606060606,Kuala Lumpur,5.241327300150831
2022-03-04,Kuala Lumpur,40,0.0526315789473684,Kuala Lumpur,18.47662141779789
2022-03-05,Kuala Lumpur,33,0.32,Kuala Lumpur,8.182503770739068
2022-03-06,Kuala Lumpur,19,0.5833333333333334,Kuala Lumpur,-12.405731523378579
2022-03-07,Kuala Lumpur,41,0.5185185185185185,Kuala Lumpur,19.947209653092006
2022-03-08,Kuala Lumpur,32,0.032258064516129,Kuala Lumpur,6.71191553544495
2022-03-09,Kuala Lumpur,28,-0.0967741935483871,Kuala Lumpur,0.8295625942684789
2022-03-10,Kuala Lumpur,28,-0.1515151515151515,Kuala Lumpur,0.8295625942684789
2022-03-11,Kuala Lumpur,27,-0.2894736842105263,Kuala Lumpur,-0.6410256410256387
2022-03-12,Kuala Lumpur,24,-0.04,Kuala Lumpur,-5.052790346907992
2022-03-13,Kuala Lumpur,17,0.4166666666666667,Kuala Lumpur,-15.346907993966816
2022-03-14,Kuala Lumpur,28,0.037037037037037,Kuala Lumpur,0.8295625942684789
2022-03-15,Kuala Lumpur,29,-0.064516129032258,Kuala Lumpur,2.3001508295625963
2022-03-16,Kuala Lumpur,34,0.0967741935483871,Kuala Lumpur,9.653092006033184
2022-03-17,Kuala Lumpur,32,-0.0303030303030303,Kuala Lumpur,6.71191553544495
2022-03-18,Kuala Lumpur,34,-0.1052631578947368,Kuala Lumpur,9.653092006033184
2022-03-19,Kuala Lumpur,31,0.24,Kuala Lumpur,5.241327300150831
2022-03-20,Kuala Lumpur,18,0.5,Kuala Lumpur,-13.876319758672699
2022-03-21,Kuala Lumpur,29,0.074074074074074,Kuala Lumpur,2.3001508295625963
2022-03-22,Kuala Lumpur,34,0.0967741935483871,Kuala Lumpur,9.653092006033184
2022-03-23,Kuala Lumpur,34,0.0967741935483871,Kuala Lumpur,9.653092006033184
2022-03-24,Kuala Lumpur,37,0.1212121212121212,Kuala Lumpur,14.064856711915539
2022-03-25,Kuala Lumpur,44,0.1578947368421052,Kuala Lumpur,24.35897435897436
2022-03-26,Kuala Lumpur,38,0.52,Kuala Lumpur,15.535444947209657
2022-03-27,Kuala Lumpur,22,0.8333333333333334,Kuala Lumpur,-7.9939668174962275
2022-03-28,Kuala Lumpur,37,0.3703703703703703,Kuala Lumpur,14.064856711915539
2022-03-29,Kuala Lumpur,43,0.3870967741935484,Kuala Lumpur,22.88838612368024
2022-03-30,Kuala Lumpur,46,0.4838709677419355,Kuala Lumpur,27.300150829562597
2022-03-31,Kuala Lumpur,50,0.5151515151515151,Kuala Lumpur,33.18250377073907
2022-04-01,Kuala Lumpur,49,0.2894736842105263,Kuala Lumpur,31.711915535444952
2022-04-02,Kuala Lumpur,37,0.48,Kuala Lumpur,14.064856711915539
2022-04-03,Kuala Lumpur,14,0.1666666666666666,Kuala Lumpur,-19.758672699849168
2022-04-04,Kuala Lumpur,40,0.4814814814814814,Kuala Lumpur,18.47662141779789
2022-04-05,Kuala Lumpur,48,0.5483870967741935,Kuala Lumpur,30.241327300150832
2022-04-06,Kuala Lumpur,43,0.3870967741935484,Kuala Lumpur,22.88838612368024
2022-04-07,Kuala Lumpur,48,0.4545454545454545,Kuala Lumpur,30.241327300150832
2022-04-08,Kuala Lumpur,45,0.1842105263157894,Kuala Lumpur,25.82956259426848
2022-04-09,Kuala Lumpur,30,0.2,Kuala Lumpur,3.7707390648567145
2022-04-10,Kuala Lumpur,20,0.6666666666666666,Kuala Lumpur,-10.935143288084461
2022-04-11,Kuala Lumpur,48,0.7777777777777778,Kuala Lumpur,30.241327300150832
2022-04-12,Kuala Lumpur,44,0.4193548387096774,Kuala Lumpur,24.35897435897436
2022-04-13,Kuala Lumpur,49,0.5806451612903226,Kuala Lumpur,31.711915535444952
2022-04-14,Kuala Lumpur,42,0.2727272727272727,Kuala Lumpur,21.417797888386126
2022-04-15,Kuala Lumpur,48,0.2631578947368421,Kuala Lumpur,30.241327300150832
2022-04-16,Kuala Lumpur,35,0.4,Kuala Lumpur,11.123680241327301
2022-04-17,Kuala Lumpur,23,0.9166666666666666,Kuala Lumpur,-6.523378582202109
2022-04-18,Kuala Lumpur,41,0.5185185185185185,Kuala Lumpur,19.947209653092006
2022-04-19,Kuala Lumpur,25,-0.1935483870967742,Kuala Lumpur,-3.582202111613874
2022-04-20,Kuala Lumpur,55,0.7741935483870968,Kuala Lumpur,40.535444947209655
2022-04-21,Kuala Lumpur,54,0.6363636363636364,Kuala Lumpur,39.06485671191554
2022-04-22,Kuala Lumpur,64,0.6842105263157895,Kuala Lumpur,53.77073906485672
2022-04-23,Kuala Lumpur,50,1.0,Kuala Lumpur,33.18250377073907
2022-04-24,Kuala Lumpur,32,1.6666666666666667,Kuala Lumpur,6.71191553544495
2022-04-25,Kuala Lumpur,65,1.4074074074074074,Kuala Lumpur,55.241327300150836
2022-04-26,Kuala Lumpur,57,0.8387096774193549,Kuala Lumpur,43.47662141779789
2022-04-27,Kuala Lumpur,68,1.1935483870967742,Kuala Lumpur,59.65309200603319
2022-04-28,Kuala Lumpur,61,0.8484848484848485,Kuala Lumpur,49.358974358974365
2022-04-29,Kuala Lumpur,56,0.4736842105263157,Kuala Lumpur,42.00603318250377
2022-04-30,Kuala Lumpur,34,0.36,Kuala Lumpur,9.653092006033184
2022-05-01,Kuala Lumpur,25,1.0833333333333333,Kuala Lumpur,-3.582202111613874
2022-05-02,Kuala Lumpur,19,-0.2962962962962963,Kuala Lumpur,-12.405731523378579
2022-05-03,Kuala Lumpur,17,-0.4516129032258064,Kuala Lumpur,-15.346907993966816
2022-05-04,Kuala Lumpur,13,-0.5806451612903226,Kuala Lumpur,-21.229260935143284
2022-05-05,Kuala Lumpur,17,-0.4848484848484848,Kuala Lumpur,-15.346907993966816
2022-05-06,Kuala Lumpur,21,-0.4473684210526316,Kuala Lumpur,-9.464555052790345
2022-05-07,Kuala Lumpur,24,-0.04,Kuala Lumpur,-5.052790346907992
2022-05-08,Kuala Lumpur,24,1.0,Kuala Lumpur,-5.052790346907992
2022-05-09,Kuala Lumpur,41,0.5185185185185185,Kuala Lumpur,19.947209653092006
2022-05-10,Kuala Lumpur,49,0.5806451612903226,Kuala Lumpur,31.711915535444952
2022-05-11,Kuala Lumpur,50,0.6129032258064516,Kuala Lumpur,33.18250377073907
2022-05-12,Kuala Lumpur,48,0.4545454545454545,Kuala Lumpur,30.241327300150832
2022-05-13,Kuala Lumpur,58,0.5263157894736842,Kuala Lumpur,44.94720965309201
2022-05-14,Kuala Lumpur,60,1.4,Kuala Lumpur,47.88838612368025
2022-05-15,Kuala Lumpur,38,2.1666666666666665,Kuala Lumpur,15.535444947209657
2022-05-16,Kuala Lumpur,26,-0.037037037037037,Kuala Lumpur,-2.1116138763197565
2022-05-17,Kuala Lumpur,51,0.6451612903225806,Kuala Lumpur,34.653092006033184
2022-05-18,Kuala Lumpur,51,0.6451612903225806,Kuala Lumpur,34.653092006033184
2022-05-19,Kuala Lumpur,51,0.5454545454545454,Kuala Lumpur,34.653092006033184
2022-05-20,Kuala Lumpur,56,0.4736842105263157,Kuala Lumpur,42.00603318250377
2022-05-21,Kuala Lumpur,51,1.04,Kuala Lumpur,34.653092006033184
2022-05-22,Kuala Lumpur,30,1.5,Kuala Lumpur,3.7707390648567145
2022-05-23,Kuala Lumpur,49,0.8148148148148148,Kuala Lumpur,31.711915535444952
2022-05-24,Kuala Lumpur,55,0.7741935483870968,Kuala Lumpur,40.535444947209655
2022-05-25,Kuala Lumpur,56,0.8064516129032258,Kuala Lumpur,42.00603318250377
2022-05-26,Kuala Lumpur,47,0.4242424242424242,Kuala Lumpur,28.770739064856716
2022-05-27,Kuala Lumpur,54,0.4210526315789473,Kuala Lumpur,39.06485671191554
2022-05-28,Kuala Lumpur,49,0.96,Kuala Lumpur,31.711915535444952
2022-05-29,Kuala Lumpur,27,1.25,Kuala Lumpur,-0.6410256410256387
2022-05-30,Kuala Lumpur,41,0.5185185185185185,Kuala Lumpur,19.947209653092006
2022-05-31,Kuala Lumpur,46,0.4838709677419355,Kuala Lumpur,27.300150829562597
2022-06-01,Kuala Lumpur,46,0.4838709677419355,Kuala Lumpur,27.300150829562597
2022-06-02,Kuala Lumpur,46,0.3939393939393939,Kuala Lumpur,27.300150829562597
2022-06-03,Kuala Lumpur,56,0.4736842105263157,Kuala Lumpur,42.00603318250377
2022-06-04,Kuala Lumpur,47,0.88,Kuala Lumpur,28.770739064856716
2022-06-05,Kuala Lumpur,26,1.1666666666666667,Kuala Lumpur,-2.1116138763197565
2022-06-06,Kuala Lumpur,19,-0.2962962962962963,Kuala Lumpur,-12.405731523378579
2022-06-07,Kuala Lumpur,39,0.2580645161290322,Kuala Lumpur,17.006033182503774
2022-06-08,Kuala Lumpur,48,0.5483870967741935,Kuala Lumpur,30.241327300150832
2022-06-09,Kuala Lumpur,49,0.4848484848484848,Kuala Lumpur,31.711915535444952
2022-06-10,Kuala Lumpur,39,0.0263157894736842,Kuala Lumpur,17.006033182503774
2022-06-11,Kuala Lumpur,43,0.72,Kuala Lumpur,22.88838612368024
2022-06-12,Kuala Lumpur,22,0.8333333333333334,Kuala Lumpur,-7.9939668174962275
2022-06-13,Kuala Lumpur,48,0.7777777777777778,Kuala Lumpur,30.241327300150832
2022-06-14,Kuala Lumpur,45,0.4516129032258064,Kuala Lumpur,25.82956259426848
2022-06-15,Kuala Lumpur,44,0.4193548387096774,Kuala Lumpur,24.35897435897436
2022-06-16,Kuala Lumpur,41,0.2424242424242424,Kuala Lumpur,19.947209653092006
2022-06-17,Kuala Lumpur,55,0.4473684210526316,Kuala Lumpur,40.535444947209655
2022-06-18,Kuala Lumpur,38,0.52,Kuala Lumpur,15.535444947209657
2022-06-19,Kuala Lumpur,22,0.8333333333333334,Kuala Lumpur,-7.9939668174962275
2022-06-20,Kuala Lumpur,40,0.4814814814814814,Kuala Lumpur,18.47662141779789
2022-06-21,Kuala Lumpur,45,0.4516129032258064,Kuala Lumpur,25.82956259426848
2022-06-22,Kuala Lumpur,51,0.6451612903225806,Kuala Lumpur,34.653092006033184
2022-06-23,Kuala Lumpur,44,0.3333333333333333,Kuala Lumpur,24.35897435897436
2022-06-24,Kuala Lumpur,53,0.3947368421052631,Kuala Lumpur,37.594268476621416
2022-06-25,Kuala Lumpur,35,0.4,Kuala Lumpur,11.123680241327301
2022-06-26,Kuala Lumpur,21,0.75,Kuala Lumpur,-9.464555052790345
2022-06-27,Kuala Lumpur,37,0.3703703703703703,Kuala Lumpur,14.064856711915539
2022-06-28,Kuala Lumpur,42,0.3548387096774194,Kuala Lumpur,21.417797888386126
2022-06-29,Kuala Lumpur,44,0.4193548387096774,Kuala Lumpur,24.35897435897436
2022-06-30,Kuala Lumpur,40,0.2121212121212121,Kuala Lumpur,18.47662141779789
2022-07-01,Kuala Lumpur,40,0.0526315789473684,Kuala Lumpur,18.47662141779789
2022-07-02,Kuala Lumpur,35,0.4,Kuala Lumpur,11.123680241327301
2022-07-03,Kuala Lumpur,21,0.75,Kuala Lumpur,-9.464555052790345
2022-07-04,Kuala Lumpur,37,0.3703703703703703,Kuala Lumpur,14.064856711915539
2022-07-05,Kuala Lumpur,40,0.2903225806451613,Kuala Lumpur,18.47662141779789
2022-07-06,Kuala Lumpur,47,0.5161290322580645,Kuala Lumpur,28.770739064856716
2022-07-07,Kuala Lumpur,45,0.3636363636363636,Kuala Lumpur,25.82956259426848
2022-07-08,Kuala Lumpur,44,0.1578947368421052,Kuala Lumpur,24.35897435897436
2022-07-09,Kuala Lumpur,22,-0.12,Kuala Lumpur,-7.9939668174962275
2022-07-10,Kuala Lumpur,13,0.0833333333333333,Kuala Lumpur,-21.229260935143284
2022-07-11,Kuala Lumpur,12,-0.5555555555555556,Kuala Lumpur,-22.699849170437403
2022-07-12,Kuala Lumpur,33,0.064516129032258,Kuala Lumpur,8.182503770739068
2022-07-13,Kuala Lumpur,34,0.0967741935483871,Kuala Lumpur,9.653092006033184
2022-07-14,Kuala Lumpur,34,0.0303030303030303,Kuala Lumpur,9.653092006033184
2022-07-15,Kuala Lumpur,34,-0.1052631578947368,Kuala Lumpur,9.653092006033184
2022-07-16,Kuala Lumpur,29,0.16,Kuala Lumpur,2.3001508295625963
2022-07-17,Kuala Lumpur,18,0.5,Kuala Lumpur,-13.876319758672699
2022-07-18,Kuala Lumpur,37,0.3703703703703703,Kuala Lumpur,14.064856711915539
2022-07-19,Kuala Lumpur,39,0.2580645161290322,Kuala Lumpur,17.006033182503774
2022-07-20,Kuala Lumpur,37,0.1935483870967742,Kuala Lumpur,14.064856711915539
2022-07-21,Kuala Lumpur,41,0.2424242424242424,Kuala Lumpur,19.947209653092006
2022-07-22,Kuala Lumpur,49,0.2894736842105263,Kuala Lumpur,31.711915535444952
2022-07-23,Kuala Lumpur,33,0.32,Kuala Lumpur,8.182503770739068
2022-07-24,Kuala Lumpur,23,0.9166666666666666,Kuala Lumpur,-6.523378582202109
2022-07-25,Kuala Lumpur,36,0.3333333333333333,Kuala Lumpur,12.594268476621421
2022-07-26,Kuala Lumpur,39,0.2580645161290322,Kuala Lumpur,17.006033182503774
2022-07-27,Kuala Lumpur,44,0.4193548387096774,Kuala Lumpur,24.35897435897436
2022-07-28,Kuala Lumpur,42,0.2727272727272727,Kuala Lumpur,21.417797888386126
2022-07-29,Kuala Lumpur,49,0.2894736842105263,Kuala Lumpur,31.711915535444952
2022-07-30,Kuala Lumpur,30,0.2,Kuala Lumpur,3.7707390648567145
2022-07-31,Kuala Lumpur,21,0.75,Kuala Lumpur,-9.464555052790345
2022-08-01,Kuala Lumpur,39,0.4444444444444444,Kuala Lumpur,17.006033182503774
2022-08-02,Kuala Lumpur,51,0.6451612903225806,Kuala Lumpur,34.653092006033184
2022-08-03,Kuala Lumpur,48,0.5483870967741935,Kuala Lumpur,30.241327300150832
2022-08-04,Kuala Lumpur,53,0.6060606060606061,Kuala Lumpur,37.594268476621416
2022-08-05,Kuala Lumpur,54,0.4210526315789473,Kuala Lumpur,39.06485671191554
2022-08-06,Kuala Lumpur,35,0.4,Kuala Lumpur,11.123680241327301
2022-08-07,Kuala Lumpur,22,0.8333333333333334,Kuala Lumpur,-7.9939668174962275
2022-08-08,Kuala Lumpur,41,0.5185185185185185,Kuala Lumpur,19.947209653092006
2022-08-09,Kuala Lumpur,41,0.3225806451612903,Kuala Lumpur,19.947209653092006
2022-08-10,Kuala Lumpur,42,0.3548387096774194,Kuala Lumpur,21.417797888386126
2022-08-11,Kuala Lumpur,42,0.2727272727272727,Kuala Lumpur,21.417797888386126
2022-08-12,Kuala Lumpur,43,0.131578947368421,Kuala Lumpur,22.88838612368024
2022-08-13,Kuala Lumpur,33,0.32,Kuala Lumpur,8.182503770739068
2022-08-14,Kuala Lumpur,23,0.9166666666666666,Kuala Lumpur,-6.523378582202109
2022-08-15,Kuala Lumpur,39,0.4444444444444444,Kuala Lumpur,17.006033182503774
2022-08-16,Kuala Lumpur,41,0.3225806451612903,Kuala Lumpur,19.947209653092006
2022-08-17,Kuala Lumpur,47,0.5161290322580645,Kuala Lumpur,28.770739064856716
2022-08-18,Kuala Lumpur,43,0.303030303030303,Kuala Lumpur,22.88838612368024
2022-08-19,Kuala Lumpur,44,0.1578947368421052,Kuala Lumpur,24.35897435897436
2022-08-20,Kuala Lumpur,41,0.64,Kuala Lumpur,19.947209653092006
2022-08-21,Kuala Lumpur,19,0.5833333333333334,Kuala Lumpur,-12.405731523378579
2022-08-22,Kuala Lumpur,51,0.8888888888888888,Kuala Lumpur,34.653092006033184
2022-08-23,Kuala Lumpur,54,0.7419354838709677,Kuala Lumpur,39.06485671191554
2022-08-24,Kuala Lumpur,47,0.5161290322580645,Kuala Lumpur,28.770739064856716
2022-08-25,Kuala Lumpur,44,0.3333333333333333,Kuala Lumpur,24.35897435897436
2022-08-26,Kuala Lumpur,47,0.2368421052631578,Kuala Lumpur,28.770739064856716
2022-08-27,Kuala Lumpur,42,0.68,Kuala Lumpur,21.417797888386126
2022-08-28,Kuala Lumpur,23,0.9166666666666666,Kuala Lumpur,-6.523378582202109
2022-08-29,Kuala Lumpur,53,0.9629629629629628,Kuala Lumpur,37.594268476621416
2022-08-30,Kuala Lumpur,48,0.5483870967741935,Kuala Lumpur,30.241327300150832
2022-08-31,Kuala Lumpur,18,-0.4193548387096774,Kuala Lumpur,-13.876319758672699
2022-09-01,Kuala Lumpur,45,0.3636363636363636,Kuala Lumpur,25.82956259426848
2022-09-02,Kuala Lumpur,49,0.2894736842105263,Kuala Lumpur,31.711915535444952
2022-09-03,Kuala Lumpur,37,0.48,Kuala Lumpur,14.064856711915539
2022-09-04,Kuala Lumpur,20,0.6666666666666666,Kuala Lumpur,-10.935143288084461
2022-09-05,Kuala Lumpur,37,0.3703703703703703,Kuala Lumpur,14.064856711915539
2022-09-06,Kuala Lumpur,45,0.4516129032258064,Kuala Lumpur,25.82956259426848
2022-09-07,Kuala Lumpur,54,0.7419354838709677,Kuala Lumpur,39.06485671191554
2022-09-08,Kuala Lumpur,42,0.2727272727272727,Kuala Lumpur,21.417797888386126
2022-09-09,Kuala Lumpur,53,0.3947368421052631,Kuala Lumpur,37.594268476621416
2022-09-10,Kuala Lumpur,35,0.4,Kuala Lumpur,11.123680241327301
2022-09-11,Kuala Lumpur,23,0.9166666666666666,Kuala Lumpur,-6.523378582202109
2022-09-12,Kuala Lumpur,43,0.5925925925925926,Kuala Lumpur,22.88838612368024
2022-09-13,Kuala Lumpur,48,0.5483870967741935,Kuala Lumpur,30.241327300150832
2022-09-14,Kuala Lumpur,48,0.5483870967741935,Kuala Lumpur,30.241327300150832
2022-09-15,Kuala Lumpur,59,0.7878787878787878,Kuala Lumpur,46.417797888386126
2022-09-16,Kuala Lumpur,20,-0.4736842105263157,Kuala Lumpur,-10.935143288084461
2022-09-17,Kuala Lumpur,27,0.08,Kuala Lumpur,-0.6410256410256387
2022-09-18,Kuala Lumpur,19,0.5833333333333334,Kuala Lumpur,-12.405731523378579
2022-09-19,Kuala Lumpur,39,0.4444444444444444,Kuala Lumpur,17.006033182503774
2022-09-20,Kuala Lumpur,46,0.4838709677419355,Kuala Lumpur,27.300150829562597
2022-09-21,Kuala Lumpur,48,0.5483870967741935,Kuala Lumpur,30.241327300150832
2022-09-22,Kuala Lumpur,53,0.6060606060606061,Kuala Lumpur,37.594268476621416
2022-09-23,Kuala Lumpur,46,0.2105263157894736,Kuala Lumpur,27.300150829562597
2022-09-24,Kuala Lumpur,35,0.4,Kuala Lumpur,11.123680241327301
2022-09-25,Kuala Lumpur,22,0.8333333333333334,Kuala Lumpur,-7.9939668174962275
2022-09-26,Kuala Lumpur,40,0.4814814814814814,Kuala Lumpur,18.47662141779789
2022-09-27,Kuala Lumpur,46,0.4838709677419355,Kuala Lumpur,27.300150829562597
2022-09-28,Kuala Lumpur,53,0.7096774193548387,Kuala Lumpur,37.594268476621416
2022-09-29,Kuala Lumpur,44,0.3333333333333333,Kuala Lumpur,24.35897435897436
2022-09-30,Kuala Lumpur,50,0.3157894736842105,Kuala Lumpur,33.18250377073907
2022-10-01,Kuala Lumpur,42,0.68,Kuala Lumpur,21.417797888386126
2022-10-02,Kuala Lumpur,25,1.0833333333333333,Kuala Lumpur,-3.582202111613874
2022-10-03,Kuala Lumpur,46,0.7037037037037037,Kuala Lumpur,27.300150829562597
2022-10-04,Kuala Lumpur,52,0.6774193548387096,Kuala Lumpur,36.12368024132731
2022-10-05,Kuala Lumpur,47,0.5161290322580645,Kuala Lumpur,28.770739064856716
2022-10-06,Kuala Lumpur,46,0.3939393939393939,Kuala Lumpur,27.300150829562597
2022-10-07,Kuala Lumpur,52,0.3684210526315789,Kuala Lumpur,36.12368024132731
2022-10-08,Kuala Lumpur,38,0.52,Kuala Lumpur,15.535444947209657
2022-10-09,Kuala Lumpur,23,0.9166666666666666,Kuala Lumpur,-6.523378582202109
2022-10-10,Kuala Lumpur,19,-0.2962962962962963,Kuala Lumpur,-12.405731523378579
2022-10-11,Kuala Lumpur,47,0.5161290322580645,Kuala Lumpur,28.770739064856716
2022-10-12,Kuala Lumpur,57,0.8387096774193549,Kuala Lumpur,43.47662141779789
2022-10-13,Kuala Lumpur,44,0.3333333333333333,Kuala Lumpur,24.35897435897436
2022-10-14,Kuala Lumpur,42,0.1052631578947368,Kuala Lumpur,21.417797888386126
2022-10-15,Kuala Lumpur,33,0.32,Kuala Lumpur,8.182503770739068
2022-10-16,Kuala Lumpur,21,0.75,Kuala Lumpur,-9.464555052790345
2022-10-17,Kuala Lumpur,43,0.5925925925925926,Kuala Lumpur,22.88838612368024
2022-10-18,Kuala Lumpur,48,0.5483870967741935,Kuala Lumpur,30.241327300150832
2022-10-19,Kuala Lumpur,47,0.5161290322580645,Kuala Lumpur,28.770739064856716
2022-10-20,Kuala Lumpur,44,0.3333333333333333,Kuala Lumpur,24.35897435897436
2022-10-21,Kuala Lumpur,57,0.5,Kuala Lumpur,43.47662141779789
2022-10-22,Kuala Lumpur,37,0.48,Kuala Lumpur,14.064856711915539
2022-10-23,Kuala Lumpur,22,0.8333333333333334,Kuala Lumpur,-7.9939668174962275
2022-10-24,Kuala Lumpur,18,-0.3333333333333333,Kuala Lumpur,-13.876319758672699
2022-10-25,Kuala Lumpur,29,-0.064516129032258,Kuala Lumpur,2.3001508295625963
2022-10-26,Kuala Lumpur,33,0.064516129032258,Kuala Lumpur,8.182503770739068
2022-10-27,Kuala Lumpur,43,0.303030303030303,Kuala Lumpur,22.88838612368024
2022-10-28,Kuala Lumpur,41,0.0789473684210526,Kuala Lumpur,19.947209653092006
2022-10-29,Kuala Lumpur,32,0.28,Kuala Lumpur,6.71191553544495
2022-10-30,Kuala Lumpur,20,0.6666666666666666,Kuala Lumpur,-10.935143288084461
2022-10-31,Kuala Lumpur,45,0.6666666666666666,Kuala Lumpur,25.82956259426848
2022-11-01,Kuala Lumpur,45,0.4516129032258064,Kuala Lumpur,25.82956259426848
2022-11-02,Kuala Lumpur,48,0.5483870967741935,Kuala Lumpur,30.241327300150832
2022-11-03,Kuala Lumpur,44,0.3333333333333333,Kuala Lumpur,24.35897435897436
2022-11-04,Kuala Lumpur,46,0.2105263157894736,Kuala Lumpur,27.300150829562597
2022-11-05,Kuala Lumpur,34,0.36,Kuala Lumpur,9.653092006033184
2022-11-06,Kuala Lumpur,25,1.0833333333333333,Kuala Lumpur,-3.582202111613874
2022-11-07,Kuala Lumpur,39,0.4444444444444444,Kuala Lumpur,17.006033182503774
2022-11-08,Kuala Lumpur,54,0.7419354838709677,Kuala Lumpur,39.06485671191554
2022-11-09,Kuala Lumpur,53,0.7096774193548387,Kuala Lumpur,37.594268476621416
2022-11-10,Kuala Lumpur,51,0.5454545454545454,Kuala Lumpur,34.653092006033184
2022-11-11,Kuala Lumpur,57,0.5,Kuala Lumpur,43.47662141779789
2022-11-12,Kuala Lumpur,40,0.6,Kuala Lumpur,18.47662141779789
2022-11-13,Kuala Lumpur,24,1.0,Kuala Lumpur,-5.052790346907992
2022-11-14,Kuala Lumpur,38,0.4074074074074074,Kuala Lumpur,15.535444947209657
2022-11-15,Kuala Lumpur,44,0.4193548387096774,Kuala Lumpur,24.35897435897436
2022-11-16,Kuala Lumpur,48,0.5483870967741935,Kuala Lumpur,30.241327300150832
2022-11-17,Kuala Lumpur,56,0.696969696969697,Kuala Lumpur,42.00603318250377
2022-11-18,Kuala Lumpur,20,-0.4736842105263157,Kuala Lumpur,-10.935143288084461
2022-11-19,Kuala Lumpur,27,0.08,Kuala Lumpur,-0.6410256410256387
2022-11-20,Kuala Lumpur,15,0.25,Kuala Lumpur,-18.28808446455505
2022-11-21,Kuala Lumpur,31,0.1481481481481481,Kuala Lumpur,5.241327300150831
2022-11-22,Kuala Lumpur,44,0.4193548387096774,Kuala Lumpur,24.35897435897436
2022-11-23,Kuala Lumpur,43,0.3870967741935484,Kuala Lumpur,22.88838612368024
2022-11-24,Kuala Lumpur,42,0.2727272727272727,Kuala Lumpur,21.417797888386126
2022-11-25,Kuala Lumpur,44,0.1578947368421052,Kuala Lumpur,24.35897435897436
2022-11-26,Kuala Lumpur,42,0.68,Kuala Lumpur,21.417797888386126
2022-11-27,Kuala Lumpur,31,1.5833333333333333,Kuala Lumpur,5.241327300150831
2022-11-28,Kuala Lumpur,20,-0.2592592592592592,Kuala Lumpur,-10.935143288084461
2022-11-29,Kuala Lumpur,56,0.8064516129032258,Kuala Lumpur,42.00603318250377
2022-11-30,Kuala Lumpur,58,0.8709677419354839,Kuala Lumpur,44.94720965309201
2022-12-01,Kuala Lumpur,52,0.5757575757575758,Kuala Lumpur,36.12368024132731
2022-12-02,Kuala Lumpur,52,0.3684210526315789,Kuala Lumpur,36.12368024132731
2022-12-03,Kuala Lumpur,45,0.8,Kuala Lumpur,25.82956259426848
2022-12-04,Kuala Lumpur,26,1.1666666666666667,Kuala Lumpur,-2.1116138763197565
2022-12-05,Kuala Lumpur,39,0.4444444444444444,Kuala Lumpur,17.006033182503774
2022-12-06,Kuala Lumpur,51,0.6451612903225806,Kuala Lumpur,34.653092006033184
2022-12-07,Kuala Lumpur,48,0.5483870967741935,Kuala Lumpur,30.241327300150832
2022-12-08,Kuala Lumpur,55,0.6666666666666666,Kuala Lumpur,40.535444947209655
2022-12-09,Kuala Lumpur,59,0.5526315789473685,Kuala Lumpur,46.417797888386126
2022-12-10,Kuala Lumpur,45,0.8,Kuala Lumpur,25.82956259426848
2022-12-11,Kuala Lumpur,31,1.5833333333333333,Kuala Lumpur,5.241327300150831
2022-12-12,Kuala Lumpur,30,0.1111111111111111,Kuala Lumpur,3.7707390648567145
2022-12-13,Kuala Lumpur,38,0.2258064516129032,Kuala Lumpur,15.535444947209657
2022-12-14,Kuala Lumpur,38,0.2258064516129032,Kuala Lumpur,15.535444947209657
2022-12-15,Kuala Lumpur,41,0.2424242424242424,Kuala Lumpur,19.947209653092006
2022-12-16,Kuala Lumpur,47,0.2368421052631578,Kuala Lumpur,28.770739064856716
2022-12-17,Kuala Lumpur,40,0.6,Kuala Lumpur,18.47662141779789
2022-12-18,Kuala Lumpur,27,1.25,Kuala Lumpur,-0.6410256410256387
2022-12-19,Kuala Lumpur,30,0.1111111111111111,Kuala Lumpur,3.7707390648567145
2022-12-20,Kuala Lumpur,38,0.2258064516129032,Kuala Lumpur,15.535444947209657
